COG,refseq
COG0001,NP_948678
COG0002,NP_947833
COG0004,NP_945626
COG0004,NP_945628
COG0005,NP_950155
COG0006,NP_948853
COG0007,NP_947427
COG0007,NP_949551
COG0008,NP_950088
COG0008,NP_948246
COG0008,NP_948247
COG0009,NP_946428
COG0010,NP_950063
COG0012,NP_949690
COG0013,NP_949184
COG0014,NP_945517
COG0015,NP_949154
COG0016,NP_945393
COG0018,NP_948195
COG0019,NP_946223
COG0019,NP_950075
COG0020,NP_948259
COG0021,NP_946298
COG0021,NP_949977
COG0022,NP_948207
COG0022,NP_949259
COG0024,NP_945740
COG0025,NP_945873
COG0026,NP_949511
COG0028,NP_945464
COG0028,NP_946955
COG0028,NP_946964
COG0028,NP_947346
COG0028,NP_947376
COG0028,NP_947671
COG0028,NP_948103
COG0028,NP_949100
COG0028,NP_949254
COG0028,NP_949390
COG0029,NP_946405
COG0030,NP_948405
COG0031,NP_945910
COG0031,NP_947701
COG0031,NP_947910
COG0033,NP_946832
COG0034,NP_948430
COG0036,NP_949152
COG0037,NP_946476
COG0038,NP_946813
COG0038,NP_949290
COG0039,NP_945545
COG0040,NP_946500
COG0041,NP_949510
COG0042,NP_947314
COG0042,NP_947933
COG0043,NP_946284
COG0044,NP_946420
COG0044,NP_948457
COG0045,NP_945544
COG0045,NP_949576
COG0046,NP_946943
COG0047,NP_949155
COG0048,NP_948594
COG0049,NP_948593
COG0050,NP_948591
COG0050,NP_948622
COG0051,NP_948590
COG0052,NP_948263
COG0053,NP_947284
COG0053,NP_947284
COG0053,NP_947284
COG0054,NP_948071
COG0054,NP_949699
COG0055,NP_945529
COG0056,NP_945531
COG0057,NP_946297
COG0058,NP_950061
COG0059,NP_947380
COG0060,NP_949713
COG0061,NP_948713
COG0062,NP_948306
COG0063,NP_948306
COG0064,NP_948443
COG0065,NP_945593
COG0066,NP_945588
COG0067,NP_946244
COG0068,NP_946326
COG0069,NP_945826
COG0069,NP_946244
COG0070,NP_946244
COG0071,NP_945410
COG0071,NP_946242
COG0071,NP_948236
COG0072,NP_945391
COG0073,NP_945391
COG0074,NP_945543
COG0075,NP_946142
COG0076,NP_949788
COG0077,NP_949033
COG0078,NP_950106
COG0079,NP_946074
COG0079,NP_949775
COG0080,NP_948612
COG0081,NP_948611
COG0082,NP_946552
COG0084,NP_948121
COG0085,NP_948607
COG0085,NP_948607
COG0086,NP_948606
COG0087,NP_948589
COG0088,NP_948588
COG0089,NP_948587
COG0090,NP_948586
COG0091,NP_948584
COG0092,NP_948583
COG0093,NP_948579
COG0094,NP_948577
COG0096,NP_948575
COG0097,NP_948574
COG0098,NP_948572
COG0099,NP_948567
COG0100,NP_948566
COG0101,NP_945976
COG0102,NP_948110
COG0103,NP_948111
COG0104,NP_949631
COG0105,NP_948395
COG0106,NP_945665
COG0107,NP_945666
COG0108,NP_946444
COG0109,NP_946186
COG0110,NP_946054
COG0110,NP_949714
COG0111,NP_947089
COG0111,NP_948316
COG0111,NP_949644
COG0112,NP_948067
COG0112,NP_948139
COG0113,NP_948055
COG0114,NP_946679
COG0114,NP_948838
COG0115,NP_947938
COG0115,NP_949706
COG0115,NP_949927
COG0117,NP_948069
COG0118,NP_945664
COG0119,NP_947345
COG0119,NP_947391
COG0119,NP_947882
COG0119,NP_949941
COG0119,NP_949999
COG0120,NP_947326
COG0122,NP_950089
COG0123,NP_946307
COG0124,NP_946529
COG0125,NP_948118
COG0126,NP_946296
COG0127,NP_945681
COG0128,NP_945417
COG0129,NP_946811
COG0129,NP_947500
COG0129,NP_947686
COG0129,NP_948810
COG0130,NP_945787
COG0131,NP_945662
COG0132,NP_948312
COG0133,NP_945425
COG0134,NP_948232
COG0135,NP_945424
COG0136,NP_945583
COG0137,NP_945745
COG0138,NP_945384
COG0139,NP_948729
COG0140,NP_945667
COG0140,NP_950039
COG0141,NP_949865
COG0142,NP_945877
COG0142,NP_946391
COG0142,NP_946867
COG0143,NP_948120
COG0144,NP_945386
COG0144,NP_947547
COG0147,NP_949832
COG0148,NP_948215
COG0149,NP_948229
COG0150,NP_948390
COG0151,NP_946513
COG0152,NP_945911
COG0152,NP_949158
COG0154,NP_946109
COG0154,NP_946752
COG0154,NP_946754
COG0154,NP_946814
COG0154,NP_946817
COG0154,NP_947046
COG0154,NP_947080
COG0154,NP_947123
COG0154,NP_947842
COG0154,NP_948315
COG0154,NP_948446
COG0154,NP_948779
COG0154,NP_948966
COG0154,NP_949296
COG0155,NP_949048
COG0155,NP_949549
COG0156,NP_946207
COG0156,NP_946900
COG0156,NP_948313
COG0157,NP_946353
COG0157,NP_946404
COG0158,NP_949979
COG0159,NP_945426
COG0160,NP_947668
COG0161,NP_946530
COG0161,NP_948311
COG0162,NP_947802
COG0163,NP_946283
COG0164,NP_946385
COG0165,NP_950077
COG0166,NP_948972
COG0167,NP_946150
COG0169,NP_949661
COG0171,NP_947331
COG0172,NP_948186
COG0173,NP_948382
COG0174,NP_946335
COG0174,NP_946751
COG0174,NP_948308
COG0174,NP_949545
COG0175,NP_946104
COG0175,NP_946105
COG0176,NP_948972
COG0177,NP_945696
COG0178,NP_948159
COG0179,NP_947287
COG0179,NP_948782
COG0179,NP_949099
COG0179,NP_949329
COG0179,NP_949761
COG0179,NP_950004
COG0180,NP_945808
COG0181,NP_946853
COG0182,NP_950154
COG0183,NP_945866
COG0183,NP_945884
COG0183,NP_946170
COG0183,NP_947049
COG0183,NP_947101
COG0183,NP_947121
COG0183,NP_947649
COG0183,NP_948533
COG0183,NP_948640
COG0183,NP_948800
COG0183,NP_948804
COG0183,NP_949052
COG0183,NP_949682
COG0184,NP_945786
COG0185,NP_948585
COG0186,NP_948580
COG0187,NP_945360
COG0187,NP_945360
COG0187,NP_947828
COG0188,NP_947941
COG0188,NP_948045
COG0189,NP_945675
COG0189,NP_945827
COG0189,NP_949787
COG0189,NP_950140
COG0190,NP_945766
COG0191,NP_949976
COG0192,NP_949352
COG0193,NP_949691
COG0194,NP_948408
COG0195,NP_945791
COG0196,NP_949715
COG0197,NP_948582
COG0198,NP_948578
COG0199,NP_948576
COG0200,NP_948570
COG0201,NP_948569
COG0202,NP_948565
COG0203,NP_948564
COG0204,NP_949670
COG0204,NP_950067
COG0206,NP_948860
COG0207,NP_948831
COG0209,NP_948318
COG0209,NP_948318
COG0210,NP_948145
COG0210,NP_948844
COG0211,NP_945512
COG0212,NP_949790
COG0213,NP_949483
COG0215,NP_947342
COG0216,NP_945959
COG0217,NP_946448
COG0218,NP_945984
COG0219,NP_946542
COG0220,NP_945795
COG0220,NP_950136
COG0221,NP_945764
COG0222,NP_948608
COG0223,NP_945975
COG0224,NP_945530
COG0225,NP_949406
COG0225,NP_950168
COG0226,NP_949073
COG0226,NP_950114
COG0227,NP_945846
COG0228,NP_945597
COG0229,NP_949274
COG0229,NP_949405
COG0230,NP_945987
COG0231,NP_947855
COG0232,NP_948196
COG0233,NP_948260
COG0234,NP_946492
COG0234,NP_947510
COG0235,NP_947196
COG0235,NP_949989
COG0236,NP_947367
COG0236,NP_948412
COG0236,NP_948678
COG0236,NP_949933
COG0237,NP_945653
COG0238,NP_948417
COG0239,NP_947040
COG0240,NP_945607
COG0241,NP_949325
COG0242,NP_945974
COG0243,NP_945733
COG0243,NP_949567
COG0243,NP_949987
COG0244,NP_948609
COG0245,NP_947932
COG0247,NP_946483
COG0248,NP_947540
COG0248,NP_948386
COG0249,NP_945865
COG0250,NP_948613
COG0251,NP_946220
COG0251,NP_947815
COG0251,NP_947837
COG0251,NP_947993
COG0251,NP_948476
COG0251,NP_948929
COG0253,NP_945603
COG0254,NP_946271
COG0255,NP_948581
COG0256,NP_948573
COG0257,NP_949533
COG0258,NP_950057
COG0259,NP_946547
COG0260,NP_948399
COG0260,NP_949023
COG0261,NP_945511
COG0262,NP_948830
COG0263,NP_945516
COG0264,NP_948262
COG0265,NP_945441
COG0265,NP_946693
COG0265,NP_947274
COG0265,NP_947274
COG0265,NP_947769
COG0265,NP_948560
COG0265,NP_948560
COG0265,NP_948653
COG0265,NP_948826
COG0265,NP_948826
COG0265,NP_949906
COG0265,NP_949906
COG0265,NP_949913
COG0266,NP_945440
COG0267,NP_948468
COG0268,NP_950170
COG0270,NP_945702
COG0271,NP_945854
COG0271,NP_946946
COG0272,NP_948855
COG0275,NP_948876
COG0276,NP_946228
COG0277,NP_946427
COG0277,NP_946481
COG0277,NP_946482
COG0277,NP_946612
COG0277,NP_947347
COG0277,NP_948841
COG0278,NP_946952
COG0279,NP_949264
COG0279,NP_949324
COG0280,NP_948381
COG0280,NP_949901
COG0281,NP_948381
COG0282,NP_949900
COG0283,NP_945419
COG0284,NP_945690
COG0285,NP_945428
COG0286,NP_948715
COG0287,NP_949776
COG0288,NP_945585
COG0288,NP_946152
COG0288,NP_947175
COG0288,NP_947176
COG0289,NP_945692
COG0290,NP_945396
COG0291,NP_945395
COG0292,NP_945394
COG0293,NP_947542
COG0294,NP_947185
COG0295,NP_946452
COG0296,NP_948982
COG0296,NP_948982
COG0296,NP_948984
COG0297,NP_945735
COG0298,NP_946327
COG0299,NP_948391
COG0300,NP_945772
COG0300,NP_949255
COG0302,NP_948730
COG0303,NP_948243
COG0303,NP_949134
COG0304,NP_945779
COG0304,NP_947364
COG0304,NP_947365
COG0304,NP_948411
COG0305,NP_948423
COG0305,NP_949671
COG0306,NP_947626
COG0306,NP_947626
COG0307,NP_948070
COG0309,NP_946329
COG0312,NP_946178
COG0312,NP_946506
COG0313,NP_945677
COG0314,NP_946519
COG0315,NP_948233
COG0316,NP_947812
COG0316,NP_948197
COG0316,NP_949944
COG0316,NP_949962
COG0317,NP_948035
COG0317,NP_948999
COG0318,NP_945574
COG0318,NP_945811
COG0318,NP_945812
COG0318,NP_945817
COG0318,NP_946004
COG0318,NP_946096
COG0318,NP_946354
COG0318,NP_946593
COG0318,NP_946718
COG0318,NP_946762
COG0318,NP_946799
COG0318,NP_947048
COG0318,NP_947053
COG0318,NP_947108
COG0318,NP_947111
COG0318,NP_947132
COG0318,NP_947487
COG0318,NP_947491
COG0318,NP_947733
COG0318,NP_948007
COG0318,NP_948057
COG0318,NP_948123
COG0318,NP_948638
COG0318,NP_948803
COG0318,NP_948995
COG0318,NP_949053
COG0318,NP_949603
COG0318,NP_949757
COG0318,NP_949779
COG0318,NP_949926
COG0318,NP_949929
COG0318,NP_950157
COG0318,NP_950163
COG0319,NP_945799
COG0320,NP_947929
COG0321,NP_948508
COG0322,NP_946522
COG0323,NP_947564
COG0323,NP_949707
COG0324,NP_947375
COG0325,NP_945638
COG0325,NP_948138
COG0326,NP_945722
COG0326,NP_950149
COG0328,NP_949605
COG0329,NP_946251
COG0329,NP_946917
COG0329,NP_948028
COG0329,NP_948339
COG0329,NP_948529
COG0330,NP_946229
COG0330,NP_948828
COG0330,NP_948829
COG0331,NP_948414
COG0332,NP_946649
COG0332,NP_948084
COG0333,NP_945879
COG0335,NP_945594
COG0336,NP_945595
COG0337,NP_945856
COG0337,NP_949388
COG0339,NP_946225
COG0340,NP_948277
COG0341,NP_948173
COG0342,NP_948174
COG0343,NP_947948
COG0344,NP_948458
COG0345,NP_949702
COG0346,NP_946255
COG0346,NP_946727
COG0346,NP_947010
COG0346,NP_947448
COG0346,NP_947448
COG0346,NP_947811
COG0346,NP_947865
COG0346,NP_947926
COG0346,NP_947990
COG0346,NP_948221
COG0346,NP_948275
COG0346,NP_949098
COG0346,NP_949098
COG0346,NP_949117
COG0346,NP_949117
COG0346,NP_949515
COG0347,NP_945625
COG0347,NP_945627
COG0347,NP_948307
COG0348,NP_945371
COG0348,NP_946364
COG0348,NP_947405
COG0349,NP_945402
COG0349,NP_948384
COG0350,NP_945694
COG0350,NP_949763
COG0350,NP_950096
COG0351,NP_949308
COG0352,NP_946292
COG0352,NP_948914
COG0353,NP_945970
COG0354,NP_946419
COG0355,NP_945528
COG0356,NP_946199
COG0357,NP_945646
COG0358,NP_946638
COG0359,NP_948419
COG0360,NP_948416
COG0361,NP_949009
COG0363,NP_948975
COG0364,NP_948974
COG0365,NP_945564
COG0365,NP_946014
COG0365,NP_946022
COG0365,NP_947647
COG0365,NP_948784
COG0365,NP_949838
COG0366,NP_948980
COG0366,NP_948981
COG0366,NP_950093
COG0368,NP_946608
COG0368,NP_947440
COG0369,NP_949049
COG0370,NP_949969
COG0372,NP_947737
COG0372,NP_948248
COG0374,NP_946314
COG0374,NP_946323
COG0375,NP_946324
COG0376,NP_945782
COG0377,NP_948292
COG0377,NP_949599
COG0378,NP_946325
COG0378,NP_946740
COG0378,NP_949563
COG0379,NP_946406
COG0380,NP_949994
COG0382,NP_946504
COG0382,NP_946878
COG0384,NP_948521
COG0385,NP_946234
COG0386,NP_948965
COG0388,NP_945952
COG0388,NP_946909
COG0388,NP_947268
COG0388,NP_947331
COG0388,NP_947759
COG0388,NP_947759
COG0388,NP_948725
COG0388,NP_948725
COG0388,NP_949502
COG0389,NP_947147
COG0389,NP_948474
COG0392,NP_949281
COG0392,NP_949318
COG0392,NP_950116
COG0394,NP_948893
COG0394,NP_949863
COG0395,NP_945412
COG0395,NP_945480
COG0395,NP_946747
COG0395,NP_948806
COG0395,NP_949742
COG0396,NP_947807
COG0397,NP_948383
COG0399,NP_948689
COG0399,NP_949315
COG0400,NP_945900
COG0403,NP_949187
COG0404,NP_949185
COG0405,NP_945381
COG0405,NP_946129
COG0405,NP_947676
COG0405,NP_949755
COG0406,NP_946344
COG0406,NP_946551
COG0406,NP_948625
COG0407,NP_946857
COG0408,NP_946862
COG0409,NP_946328
COG0410,NP_946018
COG0410,NP_946340
COG0410,NP_946584
COG0410,NP_946605
COG0410,NP_946767
COG0410,NP_946913
COG0410,NP_947097
COG0410,NP_947136
COG0410,NP_947621
COG0410,NP_947757
COG0410,NP_948632
COG0410,NP_949003
COG0410,NP_949057
COG0410,NP_949146
COG0410,NP_949359
COG0410,NP_949361
COG0410,NP_949374
COG0410,NP_949382
COG0410,NP_949735
COG0411,NP_946019
COG0411,NP_946339
COG0411,NP_946583
COG0411,NP_946766
COG0411,NP_946912
COG0411,NP_947096
COG0411,NP_947137
COG0411,NP_947620
COG0411,NP_948633
COG0411,NP_949056
COG0411,NP_949145
COG0411,NP_949358
COG0411,NP_949362
COG0411,NP_949373
COG0411,NP_949377
COG0411,NP_949734
COG0412,NP_946545
COG0412,NP_948549
COG0412,NP_950166
COG0413,NP_948437
COG0414,NP_948494
COG0415,NP_948518
COG0416,NP_948083
COG0422,NP_948915
COG0424,NP_945652
COG0424,NP_949861
COG0425,NP_948991
COG0427,NP_945890
COG0427,NP_949886
COG0429,NP_946057
COG0431,NP_945689
COG0431,NP_947604
COG0431,NP_948210
COG0432,NP_945616
COG0432,NP_946203
COG0432,NP_948557
COG0433,NP_947188
COG0433,NP_947301
COG0433,NP_947301
COG0433,NP_947372
COG0436,NP_945631
COG0436,NP_947358
COG0436,NP_947788
COG0436,NP_947845
COG0436,NP_949667
COG0438,NP_947877
COG0438,NP_948094
COG0438,NP_948682
COG0438,NP_948685
COG0438,NP_948691
COG0438,NP_949286
COG0438,NP_949305
COG0438,NP_949920
COG0439,NP_946755
COG0439,NP_946800
COG0439,NP_947777
COG0440,NP_947377
COG0441,NP_948745
COG0442,NP_948269
COG0442,NP_948269
COG0443,NP_945686
COG0444,NP_945455
COG0444,NP_946108
COG0444,NP_946794
COG0444,NP_946818
COG0445,NP_945647
COG0446,NP_949119
COG0446,NP_949795
COG0446,NP_949796
COG0447,NP_946006
COG0448,NP_945734
COG0449,NP_948002
COG0450,NP_947785
COG0451,NP_945526
COG0451,NP_947149
COG0451,NP_947824
COG0451,NP_948541
COG0451,NP_948805
COG0451,NP_949263
COG0451,NP_949289
COG0451,NP_949317
COG0451,NP_949322
COG0451,NP_949330
COG0451,NP_949385
COG0451,NP_949389
COG0452,NP_945437
COG0454,NP_947344
COG0454,NP_948329
COG0454,NP_949471
COG0455,NP_948095
COG0456,NP_945763
COG0456,NP_945804
COG0456,NP_945850
COG0456,NP_946017
COG0456,NP_946273
COG0456,NP_946382
COG0456,NP_947848
COG0456,NP_948775
COG0456,NP_949183
COG0456,NP_949649
COG0456,NP_949701
COG0457,NP_946389
COG0457,NP_946389
COG0457,NP_947634
COG0457,NP_947816
COG0457,NP_947816
COG0457,NP_948550
COG0457,NP_949228
COG0457,NP_949253
COG0457,NP_949337
COG0457,NP_949532
COG0457,NP_949839
COG0457,NP_950011
COG0457,NP_950046
COG0458,NP_949407
COG0459,NP_946491
COG0459,NP_947509
COG0460,NP_947846
COG0461,NP_950058
COG0462,NP_949484
COG0462,NP_949698
COG0463,NP_946383
COG0463,NP_946499
COG0463,NP_947899
COG0463,NP_949121
COG0463,NP_949393
COG0463,NP_949397
COG0464,NP_946907
COG0465,NP_946477
COG0466,NP_948300
COG0467,NP_945365
COG0467,NP_945365
COG0468,NP_949188
COG0469,NP_947616
COG0469,NP_949529
COG0470,NP_948119
COG0472,NP_948871
COG0472,NP_949319
COG0473,NP_945580
COG0473,NP_947087
COG0474,NP_946610
COG0474,NP_948234
COG0475,NP_947140
COG0475,NP_949181
COG0476,NP_945442
COG0476,NP_949462
COG0477,NP_945443
COG0477,NP_946141
COG0477,NP_946204
COG0477,NP_947444
COG0477,NP_947543
COG0477,NP_947687
COG0477,NP_948880
COG0477,NP_949442
COG0479,NP_945569
COG0480,NP_948592
COG0480,NP_949664
COG0481,NP_945705
COG0482,NP_946657
COG0483,NP_946257
COG0483,NP_946290
COG0483,NP_946507
COG0484,NP_945687
COG0484,NP_945853
COG0484,NP_946549
COG0484,NP_946549
COG0486,NP_945648
COG0488,NP_947535
COG0488,NP_948396
COG0488,NP_948947
COG0488,NP_949349
COG0488,NP_950064
COG0489,NP_947319
COG0489,NP_948694
COG0489,NP_949919
COG0491,NP_945718
COG0491,NP_945921
COG0491,NP_945963
COG0491,NP_946208
COG0491,NP_946446
COG0491,NP_947830
COG0491,NP_949760
COG0491,NP_950007
COG0492,NP_949291
COG0492,NP_949411
COG0492,NP_949870
COG0493,NP_946031
COG0493,NP_945488
COG0493,NP_946245
COG0493,NP_950056
COG0494,NP_945524
COG0494,NP_945527
COG0494,NP_945947
COG0494,NP_946538
COG0494,NP_949025
COG0494,NP_949854
COG0495,NP_945640
COG0496,NP_948184
COG0497,NP_948857
COG0498,NP_946192
COG0499,NP_949351
COG0500,NP_946350
COG0500,NP_947834
COG0500,NP_948825
COG0501,NP_946140
COG0501,NP_949831
COG0502,NP_947390
COG0503,NP_949828
COG0504,NP_948227
COG0505,NP_946627
COG0506,NP_946926
COG0507,NP_946624
COG0507,NP_947605
COG0508,NP_945541
COG0508,NP_948205
COG0508,NP_948207
COG0509,NP_949186
COG0511,NP_946755
COG0511,NP_946800
COG0511,NP_947778
COG0512,NP_949832
COG0513,NP_947819
COG0513,NP_949008
COG0513,NP_949338
COG0514,NP_950160
COG0515,NP_946677
COG0515,NP_947017
COG0515,NP_947452
COG0515,NP_948539
COG0516,NP_947545
COG0516,NP_949895
COG0517,NP_946232
COG0517,NP_946571
COG0517,NP_947545
COG0517,NP_947701
COG0517,NP_948755
COG0517,NP_949582
COG0518,NP_945771
COG0518,NP_946750
COG0518,NP_946753
COG0518,NP_947443
COG0518,NP_947548
COG0519,NP_947548
COG0519,NP_947606
COG0520,NP_946774
COG0520,NP_947809
COG0520,NP_949786
COG0521,NP_946379
COG0522,NP_946935
COG0523,NP_945459
COG0523,NP_946068
COG0523,NP_946214
COG0523,NP_946810
COG0524,NP_945810
COG0524,NP_945965
COG0524,NP_949118
COG0524,NP_949990
COG0525,NP_947925
COG0526,NP_945559
COG0526,NP_948895
COG0526,NP_950078
COG0527,NP_945957
COG0528,NP_946791
COG0528,NP_946792
COG0528,NP_948261
COG0529,NP_946106
COG0531,NP_945940
COG0532,NP_945789
COG0533,NP_945608
COG0534,NP_946153
COG0534,NP_946302
COG0534,NP_947037
COG0534,NP_950097
COG0535,NP_947295
COG0535,NP_947699
COG0535,NP_947976
COG0535,NP_949072
COG0535,NP_949336
COG0535,NP_949964
COG0536,NP_945515
COG0537,NP_945967
COG0537,NP_948479
COG0538,NP_949171
COG0539,NP_945420
COG0539,NP_945420
COG0540,NP_948456
COG0541,NP_945598
COG0542,NP_948486
COG0542,NP_949769
COG0543,NP_946031
COG0543,NP_946924
COG0543,NP_950056
COG0544,NP_948303
COG0545,NP_947888
COG0546,NP_947325
COG0547,NP_948231
COG0548,NP_945982
COG0550,NP_948463
COG0550,NP_949472
COG0552,NP_945562
COG0553,NP_947556
COG0553,NP_947563
COG0553,NP_947594
COG0554,NP_949043
COG0555,NP_946102
COG0555,NP_946825
COG0556,NP_949679
COG0557,NP_948464
COG0558,NP_946521
COG0558,NP_948389
COG0559,NP_946020
COG0559,NP_946337
COG0559,NP_946581
COG0559,NP_946602
COG0559,NP_946768
COG0559,NP_946911
COG0559,NP_947085
COG0559,NP_947094
COG0559,NP_947138
COG0559,NP_947622
COG0559,NP_947754
COG0559,NP_948635
COG0559,NP_949006
COG0559,NP_949058
COG0559,NP_949143
COG0559,NP_949356
COG0559,NP_949364
COG0559,NP_949371
COG0559,NP_949379
COG0559,NP_949736
COG0560,NP_947374
COG0561,NP_948977
COG0563,NP_948568
COG0564,NP_945563
COG0564,NP_945563
COG0564,NP_945721
COG0564,NP_948547
COG0565,NP_949170
COG0566,NP_948703
COG0567,NP_945542
COG0568,NP_945720
COG0568,NP_946639
COG0571,NP_948039
COG0573,NP_950113
COG0574,NP_946402
COG0575,NP_948258
COG0576,NP_945684
COG0577,NP_950144
COG0577,NP_950144
COG0578,NP_949746
COG0579,NP_946681
COG0579,NP_949504
COG0580,NP_947827
COG0581,NP_950112
COG0582,NP_946682
COG0582,NP_947549
COG0582,NP_947876
COG0582,NP_949418
COG0582,NP_949883
COG0583,NP_945483
COG0583,NP_945783
COG0583,NP_945904
COG0583,NP_946084
COG0583,NP_946162
COG0583,NP_946264
COG0583,NP_946901
COG0583,NP_946908
COG0583,NP_947067
COG0583,NP_947091
COG0583,NP_947114
COG0583,NP_947150
COG0583,NP_947567
COG0583,NP_947667
COG0583,NP_947984
COG0583,NP_948018
COG0583,NP_948335
COG0583,NP_948511
COG0583,NP_948726
COG0583,NP_949075
COG0583,NP_949133
COG0583,NP_949412
COG0583,NP_949450
COG0583,NP_949487
COG0583,NP_949619
COG0583,NP_950029
COG0583,NP_950081
COG0584,NP_948477
COG0586,NP_945852
COG0586,NP_947829
COG0587,NP_947148
COG0587,NP_947148
COG0587,NP_948265
COG0589,NP_945730
COG0589,NP_946611
COG0589,NP_946611
COG0589,NP_946863
COG0589,NP_947017
COG0589,NP_948773
COG0589,NP_949277
COG0589,NP_949430
COG0589,NP_949430
COG0589,NP_949580
COG0589,NP_949580
COG0589,NP_949581
COG0590,NP_946515
COG0590,NP_948249
COG0591,NP_946206
COG0592,NP_945358
COG0593,NP_945357
COG0593,NP_948388
COG0594,NP_945986
COG0595,NP_948276
COG0596,NP_945701
COG0596,NP_946514
COG0596,NP_946563
COG0596,NP_947451
COG0596,NP_948116
COG0596,NP_948769
COG0596,NP_948968
COG0597,NP_949712
COG0598,NP_949064
COG0598,NP_949777
COG0599,NP_946443
COG0599,NP_946662
COG0599,NP_950074
COG0600,NP_945485
COG0600,NP_945821
COG0600,NP_946235
COG0600,NP_946713
COG0600,NP_946713
COG0600,NP_946759
COG0600,NP_947387
COG0600,NP_947458
COG0600,NP_947840
COG0600,NP_947953
COG0600,NP_947965
COG0600,NP_947974
COG0600,NP_948020
COG0600,NP_948722
COG0600,NP_949498
COG0601,NP_945457
COG0601,NP_946113
COG0601,NP_946567
COG0601,NP_946797
COG0601,NP_946820
COG0601,NP_947673
COG0601,NP_947987
COG0602,NP_946541
COG0603,NP_948153
COG0604,NP_945753
COG0604,NP_946009
COG0604,NP_946268
COG0604,NP_946407
COG0604,NP_947072
COG0604,NP_947285
COG0604,NP_947363
COG0604,NP_947529
COG0604,NP_948016
COG0604,NP_948214
COG0604,NP_948330
COG0604,NP_948562
COG0604,NP_949992
COG0605,NP_947039
COG0606,NP_945671
COG0607,NP_946349
COG0607,NP_947357
COG0607,NP_948952
COG0607,NP_949793
COG0608,NP_947850
COG0609,NP_945503
COG0609,NP_946076
COG0609,NP_947464
COG0609,NP_947654
COG0611,NP_948073
COG0612,NP_946193
COG0612,NP_949709
COG0612,NP_949710
COG0614,NP_945504
COG0614,NP_946073
COG0614,NP_947426
COG0614,NP_947653
COG0615,NP_949257
COG0615,NP_949321
COG0616,NP_945421
COG0616,NP_946394
COG0617,NP_946539
COG0620,NP_947526
COG0620,NP_947740
COG0620,NP_947740
COG0620,NP_949360
COG0621,NP_945604
COG0621,NP_945801
COG0621,NP_948017
COG0623,NP_945780
COG0623,NP_946550
COG0623,NP_949902
COG0624,NP_945765
COG0624,NP_945977
COG0624,NP_946568
COG0624,NP_947090
COG0624,NP_947189
COG0624,NP_947670
COG0624,NP_948372
COG0625,NP_945379
COG0625,NP_945399
COG0625,NP_946173
COG0625,NP_946922
COG0625,NP_947484
COG0625,NP_947527
COG0625,NP_947611
COG0625,NP_948063
COG0625,NP_948498
COG0625,NP_949217
COG0625,NP_949439
COG0625,NP_949650
COG0625,NP_949668
COG0625,NP_949676
COG0625,NP_949762
COG0625,NP_950005
COG0626,NP_945724
COG0626,NP_947702
COG0626,NP_947901
COG0626,NP_947967
COG0626,NP_950100
COG0628,NP_945901
COG0628,NP_948114
COG0628,NP_949182
COG0628,NP_949557
COG0629,NP_948157
COG0631,NP_948539
COG0632,NP_946451
COG0633,NP_946928
COG0633,NP_947217
COG0633,NP_947273
COG0633,NP_949293
COG0635,NP_945680
COG0635,NP_947012
COG0635,NP_947467
COG0637,NP_945802
COG0637,NP_948239
COG0637,NP_949673
COG0637,NP_949856
COG0639,NP_947016
COG0639,NP_948692
COG0640,NP_946348
COG0640,NP_946370
COG0640,NP_946633
COG0640,NP_947506
COG0640,NP_947601
COG0640,NP_948894
COG0640,NP_948897
COG0640,NP_948899
COG0640,NP_949810
COG0642,NP_946600
COG0642,NP_947261
COG0642,NP_947277
COG0642,NP_948909
COG0642,NP_950150
COG0643,NP_945495
COG0643,NP_946973
COG0643,NP_946973
COG0643,NP_947022
COG0643,NP_947022
COG0644,NP_946388
COG0644,NP_946880
COG0644,NP_949937
COG0645,NP_949578
COG0646,NP_949040
COG0647,NP_946532
COG0649,NP_948290
COG0649,NP_949598
COG0651,NP_948134
COG0652,NP_947944
COG0652,NP_947946
COG0653,NP_945863
COG0654,NP_945623
COG0654,NP_947126
COG0654,NP_947814
COG0654,NP_948013
COG0654,NP_948772
COG0654,NP_948926
COG0654,NP_950009
COG0655,NP_946262
COG0656,NP_947495
COG0656,NP_948500
COG0656,NP_949633
COG0657,NP_947767
COG0657,NP_948022
COG0657,NP_948328
COG0658,NP_948245
COG0659,NP_949662
COG0661,NP_945438
COG0662,NP_946650
COG0662,NP_947041
COG0662,NP_947689
COG0662,NP_948661
COG0663,NP_948764
COG0664,NP_945635
COG0664,NP_946026
COG0664,NP_946119
COG0664,NP_946342
COG0664,NP_946343
COG0664,NP_946441
COG0664,NP_947422
COG0664,NP_948393
COG0664,NP_948657
COG0664,NP_948758
COG0664,NP_949200
COG0664,NP_949333
COG0664,NP_949479
COG0664,NP_949569
COG0664,NP_949570
COG0664,NP_949586
COG0664,NP_949758
COG0664,NP_949870
COG0665,NP_945469
COG0665,NP_946831
COG0665,NP_947980
COG0665,NP_948911
COG0665,NP_949111
COG0665,NP_949275
COG0667,NP_947000
COG0667,NP_948362
COG0667,NP_949672
COG0668,NP_949725
COG0669,NP_947943
COG0670,NP_945551
COG0671,NP_945746
COG0671,NP_947898
COG0672,NP_946989
COG0673,NP_949316
COG0673,NP_950037
COG0674,NP_946577
COG0674,NP_950055
COG0678,NP_949604
COG0679,NP_948012
COG0680,NP_946316
COG0681,NP_946177
COG0681,NP_948038
COG0682,NP_949694
COG0683,NP_945462
COG0683,NP_945678
COG0683,NP_945838
COG0683,NP_945933
COG0683,NP_946021
COG0683,NP_946159
COG0683,NP_946336
COG0683,NP_946586
COG0683,NP_946601
COG0683,NP_946765
COG0683,NP_946910
COG0683,NP_946997
COG0683,NP_947001
COG0683,NP_947086
COG0683,NP_947093
COG0683,NP_947134
COG0683,NP_947143
COG0683,NP_947218
COG0683,NP_947382
COG0683,NP_947538
COG0683,NP_947751
COG0683,NP_947753
COG0683,NP_948432
COG0683,NP_948556
COG0683,NP_948636
COG0683,NP_948824
COG0683,NP_949007
COG0683,NP_949060
COG0683,NP_949061
COG0683,NP_949062
COG0683,NP_949147
COG0683,NP_949355
COG0683,NP_949365
COG0683,NP_949370
COG0683,NP_949381
COG0683,NP_949506
COG0683,NP_949733
COG0683,NP_950141
COG0683,NP_950147
COG0684,NP_947353
COG0684,NP_948026
COG0684,NP_950032
COG0685,NP_949039
COG0687,NP_947359
COG0687,NP_949982
COG0688,NP_947351
COG0689,NP_945682
COG0690,NP_948614
COG0691,NP_948030
COG0693,NP_946652
COG0693,NP_947764
COG0693,NP_948649
COG0694,NP_945806
COG0694,NP_946720
COG0694,NP_949943
COG0695,NP_945951
COG0696,NP_945693
COG0697,NP_945514
COG0697,NP_945871
COG0697,NP_945886
COG0697,NP_945955
COG0697,NP_946163
COG0697,NP_947379
COG0697,NP_947496
COG0697,NP_947992
COG0697,NP_948317
COG0697,NP_948520
COG0697,NP_949635
COG0697,NP_949636
COG0701,NP_948896
COG0702,NP_945401
COG0702,NP_947468
COG0702,NP_948043
COG0702,NP_948326
COG0703,NP_945857
COG0703,NP_950121
COG0704,NP_950110
COG0705,NP_948756
COG0706,NP_945985
COG0707,NP_948868
COG0708,NP_945634
COG0708,NP_948202
COG0708,NP_948646
COG0711,NP_946196
COG0711,NP_946197
COG0712,NP_945532
COG0713,NP_948281
COG0713,NP_949591
COG0714,NP_945851
COG0714,NP_946094
COG0714,NP_946536
COG0714,NP_946561
COG0714,NP_946807
COG0714,NP_948956
COG0714,NP_949138
COG0715,NP_945486
COG0715,NP_945823
COG0715,NP_946237
COG0715,NP_946712
COG0715,NP_946760
COG0715,NP_947388
COG0715,NP_947457
COG0715,NP_947841
COG0715,NP_947950
COG0715,NP_947955
COG0715,NP_947960
COG0715,NP_947966
COG0715,NP_947973
COG0715,NP_948019
COG0715,NP_948723
COG0715,NP_949045
COG0715,NP_949500
COG0716,NP_947462
COG0717,NP_950099
COG0717,NP_950099
COG0718,NP_945969
COG0719,NP_947806
COG0719,NP_947808
COG0720,NP_947004
COG0721,NP_948450
COG0722,NP_945383
COG0723,NP_946367
COG0723,NP_946543
COG0725,NP_950051
COG0726,NP_947207
COG0726,NP_948097
COG0726,NP_948378
COG0726,NP_948503
COG0726,NP_948504
COG0726,NP_950119
COG0727,NP_947065
COG0728,NP_945809
COG0728,NP_949314
COG0730,NP_945467
COG0730,NP_945717
COG0730,NP_946166
COG0730,NP_946254
COG0730,NP_946363
COG0730,NP_947044
COG0730,NP_947214
COG0730,NP_947475
COG0735,NP_945777
COG0735,NP_945803
COG0735,NP_945870
COG0735,NP_947684
COG0736,NP_948037
COG0737,NP_946308
COG0737,NP_949801
COG0739,NP_947797
COG0739,NP_948180
COG0739,NP_949767
COG0740,NP_948302
COG0741,NP_946438
COG0741,NP_946709
COG0741,NP_947582
COG0741,NP_947762
COG0741,NP_948484
COG0742,NP_946517
COG0742,NP_949353
COG0742,NP_949623
COG0743,NP_948257
COG0744,NP_945878
COG0744,NP_945930
COG0744,NP_947212
COG0745,NP_945496
COG0745,NP_945636
COG0745,NP_945670
COG0745,NP_945711
COG0745,NP_946260
COG0745,NP_946526
COG0745,NP_946902
COG0745,NP_946903
COG0745,NP_946903
COG0745,NP_946978
COG0745,NP_947260
COG0745,NP_947275
COG0745,NP_947713
COG0745,NP_947714
COG0745,NP_947774
COG0745,NP_948341
COG0745,NP_948471
COG0745,NP_948908
COG0745,NP_949270
COG0745,NP_949704
COG0745,NP_949857
COG0745,NP_950072
COG0745,NP_950087
COG0745,NP_950109
COG0745,NP_950125
COG0745,NP_950151
COG0746,NP_948992
COG0747,NP_945458
COG0747,NP_946114
COG0747,NP_946115
COG0747,NP_946569
COG0747,NP_946796
COG0747,NP_946821
COG0747,NP_947672
COG0747,NP_947983
COG0747,NP_947988
COG0748,NP_945712
COG0749,NP_950057
COG0750,NP_948256
COG0751,NP_946398
COG0752,NP_946396
COG0753,NP_948649
COG0755,NP_945558
COG0756,NP_945436
COG0757,NP_947779
COG0758,NP_948459
COG0759,NP_948733
COG0760,NP_945864
COG0760,NP_946706
COG0760,NP_948230
COG0761,NP_949071
COG0761,NP_949607
COG0762,NP_945768
COG0763,NP_948250
COG0764,NP_945778
COG0764,NP_947366
COG0764,NP_948253
COG0765,NP_947904
COG0765,NP_947972
COG0766,NP_949867
COG0767,NP_949300
COG0767,NP_949574
COG0768,NP_948874
COG0769,NP_948873
COG0770,NP_948872
COG0771,NP_948870
COG0772,NP_948869
COG0773,NP_948867
COG0774,NP_948859
COG0775,NP_947235
COG0775,NP_949076
COG0776,NP_945422
COG0776,NP_948085
COG0776,NP_948294
COG0777,NP_945427
COG0778,NP_946064
COG0778,NP_946742
COG0778,NP_947057
COG0778,NP_948554
COG0778,NP_948747
COG0778,NP_949621
COG0779,NP_945792
COG0780,NP_948216
COG0781,NP_948072
COG0782,NP_946219
COG0782,NP_949166
COG0782,NP_949408
COG0783,NP_946625
COG0783,NP_948098
COG0784,NP_945670
COG0784,NP_945847
COG0784,NP_945936
COG0784,NP_946206
COG0784,NP_946332
COG0784,NP_946341
COG0784,NP_946600
COG0784,NP_946829
COG0784,NP_946904
COG0784,NP_947027
COG0784,NP_947112
COG0784,NP_947419
COG0784,NP_947480
COG0784,NP_947775
COG0784,NP_948182
COG0784,NP_948357
COG0784,NP_948472
COG0784,NP_948555
COG0784,NP_948719
COG0784,NP_949219
COG0784,NP_949271
COG0784,NP_949346
COG0784,NP_949559
COG0784,NP_949753
COG0784,NP_949846
COG0784,NP_950124
COG0785,NP_949149
COG0785,NP_949808
COG0786,NP_947607
COG0787,NP_948424
COG0788,NP_949368
COG0789,NP_948086
COG0789,NP_948600
COG0789,NP_950159
COG0790,NP_946167
COG0790,NP_946291
COG0790,NP_948203
COG0790,NP_948367
COG0790,NP_948441
COG0790,NP_949172
COG0791,NP_947251
COG0791,NP_949024
COG0792,NP_945676
COG0793,NP_945522
COG0793,NP_945943
COG0794,NP_946232
COG0795,NP_948400
COG0795,NP_948401
COG0796,NP_946938
COG0797,NP_945533
COG0797,NP_947677
COG0797,NP_948115
COG0798,NP_948891
COG0799,NP_945519
COG0801,NP_947183
COG0802,NP_945434
COG0803,NP_946213
COG0804,NP_948998
COG0805,NP_948188
COG0806,NP_945596
COG0807,NP_946444
COG0809,NP_947947
COG0810,NP_945509
COG0810,NP_946592
COG0810,NP_946696
COG0810,NP_946703
COG0810,NP_947474
COG0810,NP_948615
COG0810,NP_948814
COG0811,NP_945507
COG0811,NP_946468
COG0811,NP_946590
COG0811,NP_946700
COG0811,NP_947472
COG0811,NP_947743
COG0811,NP_948617
COG0811,NP_948816
COG0812,NP_948866
COG0815,NP_945797
COG0816,NP_948452
COG0817,NP_946450
COG0818,NP_947330
COG0820,NP_945749
COG0821,NP_945872
COG0822,NP_948731
COG0822,NP_949943
COG0823,NP_946471
COG0824,NP_946454
COG0824,NP_947133
COG0824,NP_948240
COG0824,NP_948842
COG0824,NP_949292
COG0825,NP_945861
COG0826,NP_946286
COG0826,NP_946287
COG0827,NP_950205
COG0828,NP_949512
COG0829,NP_949002
COG0830,NP_948996
COG0831,NP_949001
COG0832,NP_949000
COG0834,NP_947902
COG0834,NP_947970
COG0834,NP_950020
COG0834,NP_950131
COG0835,NP_945493
COG0835,NP_945494
COG0835,NP_946974
COG0835,NP_947023
COG0836,NP_948661
COG0838,NP_948293
COG0838,NP_949600
COG0839,NP_948282
COG0839,NP_949592
COG0840,NP_945489
COG0840,NP_945492
COG0840,NP_945587
COG0840,NP_945784
COG0840,NP_946209
COG0840,NP_946447
COG0840,NP_946986
COG0840,NP_947021
COG0840,NP_947167
COG0840,NP_947195
COG0840,NP_947229
COG0840,NP_947276
COG0840,NP_947821
COG0840,NP_948524
COG0840,NP_948884
COG0840,NP_948936
COG0840,NP_949087
COG0840,NP_949538
COG0840,NP_949638
COG0840,NP_949642
COG0840,NP_949643
COG0840,NP_949647
COG0840,NP_949785
COG0840,NP_949817
COG0840,NP_949819
COG0840,NP_949972
COG0840,NP_949973
COG0840,NP_949997
COG0840,NP_950018
COG0840,NP_950025
COG0841,NP_945452
COG0841,NP_946372
COG0841,NP_946846
COG0841,NP_947099
COG0841,NP_947306
COG0841,NP_947313
COG0841,NP_947718
COG0841,NP_947916
COG0841,NP_947917
COG0841,NP_948079
COG0841,NP_948297
COG0841,NP_948821
COG0841,NP_949112
COG0841,NP_949240
COG0841,NP_949431
COG0841,NP_949750
COG0841,NP_950014
COG0842,NP_945927
COG0842,NP_946035
COG0842,NP_946036
COG0842,NP_948847
COG0842,NP_949125
COG0842,NP_949422
COG0842,NP_949423
COG0843,NP_946185
COG0845,NP_945451
COG0845,NP_946034
COG0845,NP_946371
COG0845,NP_946771
COG0845,NP_946845
COG0845,NP_946994
COG0845,NP_947100
COG0845,NP_947152
COG0845,NP_947304
COG0845,NP_947305
COG0845,NP_947312
COG0845,NP_947400
COG0845,NP_947717
COG0845,NP_947915
COG0845,NP_948078
COG0845,NP_948296
COG0845,NP_948359
COG0845,NP_948820
COG0845,NP_949113
COG0845,NP_949127
COG0845,NP_949241
COG0845,NP_949424
COG0845,NP_949432
COG0845,NP_949751
COG0845,NP_949816
COG0845,NP_950013
COG0845,NP_950016
COG0845,NP_950016
COG0846,NP_947866
COG0847,NP_945654
COG0848,NP_945508
COG0848,NP_946469
COG0848,NP_946591
COG0848,NP_946701
COG0848,NP_947473
COG0848,NP_948616
COG0848,NP_948815
COG0849,NP_948861
COG0852,NP_948291
COG0852,NP_949598
COG0854,NP_948036
COG0855,NP_948387
COG0858,NP_945788
COG0859,NP_949323
COG0859,NP_949326
COG0860,NP_947793
COG0861,NP_948015
COG0861,NP_948394
COG0861,NP_949522
COG0864,NP_950090
COG1003,NP_949187
COG1004,NP_949354
COG1005,NP_948284
COG1005,NP_949594
COG1006,NP_948133
COG1007,NP_948278
COG1007,NP_949588
COG1008,NP_948279
COG1008,NP_949589
COG1009,NP_948132
COG1009,NP_948280
COG1009,NP_948336
COG1009,NP_949590
COG1010,NP_947433
COG1011,NP_945980
COG1011,NP_947849
COG1011,NP_948887
COG1011,NP_949383
COG1011,NP_949535
COG1012,NP_945468
COG1012,NP_945814
COG1012,NP_946557
COG1012,NP_947033
COG1012,NP_947071
COG1012,NP_947498
COG1012,NP_947669
COG1012,NP_948789
COG1012,NP_949097
COG1013,NP_946578
COG1013,NP_950055
COG1014,NP_946576
COG1014,NP_946579
COG1014,NP_948534
COG1014,NP_950055
COG1017,NP_949046
COG1017,NP_949047
COG1018,NP_948959
COG1018,NP_949101
COG1020,NP_948677
COG1020,NP_948678
COG1020,NP_948679
COG1022,NP_946585
COG1022,NP_949378
COG1023,NP_948973
COG1024,NP_945736
COG1024,NP_945769
COG1024,NP_945815
COG1024,NP_945835
COG1024,NP_945837
COG1024,NP_946003
COG1024,NP_946029
COG1024,NP_946029
COG1024,NP_946171
COG1024,NP_946310
COG1024,NP_946589
COG1024,NP_946761
COG1024,NP_947052
COG1024,NP_947058
COG1024,NP_947103
COG1024,NP_947106
COG1024,NP_947110
COG1024,NP_947131
COG1024,NP_947156
COG1024,NP_947490
COG1024,NP_947661
COG1024,NP_948108
COG1024,NP_948644
COG1024,NP_948780
COG1024,NP_948786
COG1024,NP_948792
COG1024,NP_949054
COG1024,NP_949132
COG1024,NP_949657
COG1024,NP_949675
COG1028,NP_945377
COG1028,NP_945380
COG1028,NP_945465
COG1028,NP_945539
COG1028,NP_945751
COG1028,NP_945832
COG1028,NP_945885
COG1028,NP_945939
COG1028,NP_946007
COG1028,NP_946137
COG1028,NP_946248
COG1028,NP_946249
COG1028,NP_946461
COG1028,NP_946546
COG1028,NP_946648
COG1028,NP_947029
COG1028,NP_947030
COG1028,NP_947051
COG1028,NP_947102
COG1028,NP_947109
COG1028,NP_947120
COG1028,NP_947198
COG1028,NP_947383
COG1028,NP_947418
COG1028,NP_947505
COG1028,NP_947531
COG1028,NP_947648
COG1028,NP_947760
COG1028,NP_948413
COG1028,NP_948431
COG1028,NP_948530
COG1028,NP_948563
COG1028,NP_948624
COG1028,NP_948626
COG1028,NP_948643
COG1028,NP_948716
COG1028,NP_948811
COG1028,NP_948812
COG1028,NP_948890
COG1028,NP_948969
COG1028,NP_949387
COG1028,NP_949542
COG1028,NP_949840
COG1028,NP_949930
COG1028,NP_949967
COG1028,NP_949991
COG1028,NP_950120
COG1032,NP_946032
COG1032,NP_947014
COG1032,NP_947361
COG1032,NP_947835
COG1032,NP_948888
COG1032,NP_949085
COG1032,NP_949841
COG1033,NP_949083
COG1033,NP_949083
COG1034,NP_948285
COG1034,NP_949595
COG1035,NP_946849
COG1038,NP_948795
COG1040,NP_945950
COG1042,NP_949576
COG1043,NP_948252
COG1044,NP_948254
COG1045,NP_946775
COG1045,NP_948768
COG1048,NP_945555
COG1051,NP_946356
COG1051,NP_946424
COG1051,NP_948065
COG1051,NP_949726
COG1052,NP_945775
COG1052,NP_945820
COG1052,NP_948610
COG1053,NP_945570
COG1053,NP_947438
COG1055,NP_947603
COG1055,NP_948046
COG1055,NP_948737
COG1057,NP_945518
COG1058,NP_947523
COG1061,NP_947559
COG1062,NP_946027
COG1062,NP_947300
COG1062,NP_949258
COG1063,NP_945463
COG1063,NP_946869
COG1063,NP_947425
COG1064,NP_945727
COG1064,NP_948406
COG1064,NP_948993
COG1066,NP_948428
COG1071,NP_948208
COG1071,NP_949260
COG1072,NP_945668
COG1073,NP_945397
COG1073,NP_946288
COG1073,NP_946851
COG1073,NP_947076
COG1073,NP_948492
COG1074,NP_945430
COG1074,NP_947560
COG1075,NP_949109
COG1079,NP_949911
COG1080,NP_946402
COG1082,NP_946720
COG1082,NP_947731
COG1086,NP_948093
COG1086,NP_949320
COG1087,NP_949327
COG1087,NP_949916
COG1088,NP_949262
COG1089,NP_949288
COG1091,NP_945472
COG1104,NP_947805
COG1104,NP_949942
COG1105,NP_945732
COG1108,NP_946212
COG1109,NP_948660
COG1109,NP_949654
COG1116,NP_945822
COG1116,NP_946236
COG1116,NP_946714
COG1116,NP_946758
COG1116,NP_947386
COG1116,NP_947459
COG1116,NP_947839
COG1116,NP_947952
COG1116,NP_947964
COG1116,NP_947975
COG1116,NP_948021
COG1116,NP_948724
COG1116,NP_949499
COG1117,NP_950111
COG1118,NP_946100
COG1120,NP_945502
COG1120,NP_946075
COG1120,NP_947655
COG1121,NP_946211
COG1125,NP_947385
COG1126,NP_947905
COG1127,NP_949299
COG1127,NP_949573
COG1129,NP_947083
COG1131,NP_945926
COG1131,NP_946035
COG1131,NP_946035
COG1131,NP_947408
COG1131,NP_948846
COG1131,NP_949126
COG1131,NP_949423
COG1131,NP_949423
COG1132,NP_946272
COG1132,NP_948604
COG1132,NP_949328
COG1132,NP_949601
COG1135,NP_946776
COG1135,NP_947705
COG1136,NP_946741
COG1136,NP_946996
COG1136,NP_948267
COG1136,NP_950143
COG1137,NP_945405
COG1138,NP_947266
COG1141,NP_947079
COG1143,NP_948283
COG1143,NP_949593
COG1144,NP_950055
COG1145,NP_946015
COG1145,NP_949963
COG1145,NP_949965
COG1145,NP_950055
COG1146,NP_945842
COG1146,NP_946576
COG1146,NP_947437
COG1154,NP_946305
COG1157,NP_946979
COG1158,NP_945649
COG1159,NP_948040
COG1160,NP_948434
COG1164,NP_949521
COG1167,NP_945461
COG1167,NP_946744
COG1167,NP_948140
COG1171,NP_949304
COG1173,NP_945456
COG1173,NP_946112
COG1173,NP_946566
COG1173,NP_946798
COG1173,NP_946819
COG1173,NP_947674
COG1173,NP_947986
COG1174,NP_947384
COG1175,NP_945413
COG1175,NP_945481
COG1175,NP_946746
COG1175,NP_948807
COG1175,NP_949743
COG1176,NP_949495
COG1176,NP_949983
COG1177,NP_946826
COG1177,NP_949494
COG1177,NP_949983
COG1178,NP_949489
COG1181,NP_946738
COG1181,NP_948863
COG1183,NP_947352
COG1183,NP_948014
COG1185,NP_945785
COG1186,NP_947795
COG1186,NP_949708
COG1187,NP_946516
COG1188,NP_945843
COG1189,NP_946303
COG1192,NP_950203
COG1192,NP_945645
COG1192,NP_947584
COG1192,NP_948493
COG1192,NP_949413
COG1192,NP_949830
COG1194,NP_949821
COG1195,NP_945359
COG1196,NP_946167
COG1196,NP_946968
COG1196,NP_948655
COG1196,NP_949825
COG1197,NP_948005
COG1198,NP_945534
COG1200,NP_948004
COG1201,NP_946160
COG1206,NP_948170
COG1207,NP_948001
COG1208,NP_945432
COG1208,NP_949256
COG1208,NP_949384
COG1209,NP_945473
COG1210,NP_946240
COG1211,NP_947932
COG1212,NP_949032
COG1214,NP_945805
COG1215,NP_947997
COG1215,NP_950021
COG1216,NP_948686
COG1216,NP_949287
COG1216,NP_949394
COG1217,NP_945761
COG1218,NP_946971
COG1219,NP_948301
COG1220,NP_945659
COG1222,NP_949420
COG1222,NP_949420
COG1225,NP_947798
COG1225,NP_948031
COG1226,NP_945476
COG1226,NP_945476
COG1226,NP_947140
COG1226,NP_949180
COG1226,NP_949181
COG1230,NP_945573
COG1231,NP_945390
COG1231,NP_945762
COG1232,NP_948605
COG1232,NP_949078
COG1233,NP_945754
COG1233,NP_946489
COG1233,NP_946860
COG1233,NP_946866
COG1233,NP_948851
COG1234,NP_946151
COG1235,NP_947292
COG1235,NP_948122
COG1236,NP_946156
COG1236,NP_949485
COG1238,NP_950040
COG1239,NP_946854
COG1239,NP_946855
COG1240,NP_946855
COG1247,NP_945552
COG1247,NP_947397
COG1247,NP_947518
COG1247,NP_947724
COG1249,NP_945538
COG1249,NP_947328
COG1249,NP_948204
COG1250,NP_946171
COG1250,NP_949054
COG1250,NP_949054
COG1250,NP_950082
COG1251,NP_949943
COG1252,NP_946455
COG1253,NP_945798
COG1253,NP_945855
COG1253,NP_948155
COG1254,NP_948512
COG1256,NP_946001
COG1256,NP_949268
COG1261,NP_949238
COG1262,NP_946951
COG1262,NP_949482
COG1266,NP_948365
COG1268,NP_947789
COG1270,NP_946072
COG1271,NP_950127
COG1272,NP_946931
COG1273,NP_945739
COG1273,NP_948989
COG1276,NP_948270
COG1277,NP_947409
COG1278,NP_946524
COG1278,NP_947867
COG1278,NP_947867
COG1278,NP_948392
COG1278,NP_948738
COG1278,NP_949010
COG1280,NP_946253
COG1280,NP_946634
COG1280,NP_947541
COG1280,NP_948212
COG1281,NP_950105
COG1282,NP_949516
COG1285,NP_946216
COG1285,NP_947370
COG1286,NP_948429
COG1289,NP_946673
COG1289,NP_947298
COG1289,NP_948050
COG1290,NP_946544
COG1291,NP_947354
COG1294,NP_946668
COG1294,NP_950128
COG1295,NP_946598
COG1295,NP_950086
COG1296,NP_946478
COG1296,NP_948482
COG1298,NP_946984
COG1301,NP_945905
COG1301,NP_947790
COG1304,NP_949656
COG1305,NP_946623
COG1305,NP_946990
COG1305,NP_947520
COG1305,NP_948651
COG1305,NP_949089
COG1305,NP_949091
COG1309,NP_945449
COG1309,NP_945466
COG1309,NP_945755
COG1309,NP_945816
COG1309,NP_945941
COG1309,NP_946033
COG1309,NP_946256
COG1309,NP_946289
COG1309,NP_946458
COG1309,NP_946464
COG1309,NP_946480
COG1309,NP_947050
COG1309,NP_947199
COG1309,NP_947299
COG1309,NP_947303
COG1309,NP_947311
COG1309,NP_947534
COG1309,NP_947639
COG1309,NP_947783
COG1309,NP_948102
COG1309,NP_948309
COG1309,NP_948360
COG1309,NP_948629
COG1309,NP_948639
COG1309,NP_948742
COG1309,NP_948754
COG1309,NP_948790
COG1309,NP_948882
COG1309,NP_949034
COG1309,NP_949106
COG1309,NP_949114
COG1309,NP_949128
COG1309,NP_949231
COG1309,NP_949242
COG1309,NP_949421
COG1309,NP_949427
COG1309,NP_949433
COG1309,NP_949444
COG1309,NP_949674
COG1309,NP_949749
COG1314,NP_948228
COG1317,NP_946617
COG1319,NP_946025
COG1319,NP_949139
COG1319,NP_950002
COG1320,NP_948137
COG1322,NP_945973
COG1324,NP_946060
COG1327,NP_948068
COG1329,NP_945841
COG1335,NP_947445
COG1335,NP_947982
COG1338,NP_949227
COG1344,NP_945993
COG1344,NP_947642
COG1344,NP_949252
COG1344,NP_949252
COG1344,NP_949266
COG1344,NP_949267
COG1345,NP_945994
COG1346,NP_945898
COG1348,NP_946726
COG1348,NP_946788
COG1348,NP_946870
COG1348,NP_946891
COG1348,NP_947698
COG1348,NP_947957
COG1348,NP_947977
COG1348,NP_949954
COG1349,NP_949747
COG1350,NP_946940
COG1350,NP_946942
COG1352,NP_945491
COG1352,NP_946977
COG1352,NP_947024
COG1352,NP_948655
COG1354,NP_948192
COG1357,NP_946125
COG1358,NP_945790
COG1359,NP_948997
COG1360,NP_946274
COG1360,NP_947355
COG1360,NP_948238
COG1364,NP_945945
COG1376,NP_945565
COG1376,NP_946496
COG1376,NP_946963
COG1376,NP_948377
COG1376,NP_948849
COG1376,NP_948903
COG1376,NP_948949
COG1376,NP_949116
COG1376,NP_949556
COG1376,NP_949778
COG1376,NP_950130
COG1377,NP_949220
COG1378,NP_949497
COG1380,NP_945897
COG1381,NP_948042
COG1384,NP_950019
COG1385,NP_946502
COG1386,NP_948191
COG1388,NP_948180
COG1388,NP_948180
COG1391,NP_947278
COG1392,NP_947625
COG1393,NP_946351
COG1393,NP_947602
COG1393,NP_947617
COG1393,NP_948892
COG1396,NP_945796
COG1396,NP_947271
COG1396,NP_947588
COG1396,NP_947823
COG1396,NP_947949
COG1396,NP_949465
COG1396,NP_949470
COG1396,NP_949731
COG1397,NP_947749
COG1402,NP_945824
COG1403,NP_945909
COG1403,NP_947909
COG1404,NP_947281
COG1404,NP_949347
COG1404,NP_950047
COG1407,NP_946161
COG1409,NP_945477
COG1409,NP_945478
COG1409,NP_946828
COG1409,NP_949727
COG1409,NP_950098
COG1410,NP_949040
COG1413,NP_949960
COG1414,NP_946038
COG1414,NP_946333
COG1414,NP_946763
COG1414,NP_949055
COG1414,NP_949894
COG1414,NP_949981
COG1416,NP_949812
COG1420,NP_945683
COG1429,NP_946069
COG1429,NP_946890
COG1429,NP_947742
COG1430,NP_947868
COG1432,NP_948033
COG1432,NP_949297
COG1433,NP_946368
COG1433,NP_946727
COG1433,NP_947700
COG1433,NP_948427
COG1433,NP_949964
COG1434,NP_948499
COG1434,NP_950068
COG1451,NP_945929
COG1452,NP_948402
COG1454,NP_946556
COG1454,NP_950156
COG1457,NP_946600
COG1462,NP_946437
COG1462,NP_948672
COG1463,NP_949298
COG1463,NP_949572
COG1464,NP_946778
COG1464,NP_946780
COG1464,NP_947704
COG1466,NP_945642
COG1472,NP_948193
COG1473,NP_947989
COG1473,NP_948778
COG1473,NP_949066
COG1475,NP_945644
COG1475,NP_947553
COG1475,NP_947554
COG1475,NP_947596
COG1477,NP_947411
COG1479,NP_947249
COG1483,NP_947566
COG1485,NP_945546
COG1486,NP_945731
COG1487,NP_947337
COG1487,NP_947608
COG1487,NP_948946
COG1492,NP_946071
COG1492,NP_947441
COG1493,NP_945709
COG1494,NP_947847
COG1495,NP_945894
COG1496,NP_949696
COG1506,NP_948637
COG1508,NP_945406
COG1509,NP_947857
COG1512,NP_946920
COG1513,NP_947460
COG1514,NP_945547
COG1516,NP_945995
COG1519,NP_946509
COG1522,NP_945362
COG1522,NP_945366
COG1522,NP_945725
COG1522,NP_947696
COG1522,NP_949410
COG1523,NP_948650
COG1523,NP_948983
COG1524,NP_948515
COG1524,NP_949074
COG1525,NP_945388
COG1525,NP_945839
COG1525,NP_946144
COG1525,NP_947677
COG1525,NP_949897
COG1526,NP_946088
COG1529,NP_946024
COG1529,NP_946261
COG1529,NP_946918
COG1529,NP_947539
COG1529,NP_949311
COG1529,NP_950001
COG1530,NP_947792
COG1530,NP_947792
COG1533,NP_946384
COG1536,NP_946616
COG1538,NP_947155
COG1538,NP_947399
COG1538,NP_947719
COG1538,NP_947720
COG1538,NP_947914
COG1538,NP_947923
COG1538,NP_949443
COG1539,NP_947184
COG1540,NP_948023
COG1541,NP_946580
COG1541,NP_946779
COG1541,NP_947069
COG1544,NP_945407
COG1545,NP_947122
COG1545,NP_948532
COG1545,NP_948799
COG1546,NP_947043
COG1546,NP_947931
COG1555,NP_945560
COG1558,NP_945453
COG1558,NP_949224
COG1559,NP_948410
COG1560,NP_947362
COG1561,NP_948409
COG1562,NP_946861
COG1562,NP_948171
COG1562,NP_949079
COG1562,NP_949080
COG1565,NP_949695
COG1566,NP_945868
COG1566,NP_946675
COG1566,NP_947296
COG1566,NP_948052
COG1566,NP_948881
COG1566,NP_949035
COG1566,NP_949441
COG1570,NP_946512
COG1573,NP_946387
COG1573,NP_947144
COG1573,NP_948032
COG1574,NP_945460
COG1574,NP_947446
COG1574,NP_948748
COG1576,NP_945520
COG1580,NP_949235
COG1585,NP_946230
COG1587,NP_945609
COG1587,NP_949369
COG1589,NP_948862
COG1593,NP_947129
COG1593,NP_947394
COG1593,NP_947883
COG1593,NP_948124
COG1593,NP_949888
COG1595,NP_945903
COG1595,NP_945992
COG1595,NP_946467
COG1595,NP_946684
COG1595,NP_946689
COG1595,NP_946697
COG1595,NP_946981
COG1595,NP_947158
COG1595,NP_947164
COG1595,NP_947736
COG1595,NP_948621
COG1595,NP_949434
COG1595,NP_949559
COG1595,NP_949561
COG1595,NP_949784
COG1595,NP_950126
COG1596,NP_948699
COG1596,NP_950167
COG1597,NP_947854
COG1598,NP_948845
COG1600,NP_945398
COG1605,NP_949774
COG1610,NP_946629
COG1611,NP_947349
COG1612,NP_948101
COG1613,NP_946103
COG1618,NP_946352
COG1620,NP_946487
COG1622,NP_946184
COG1629,NP_948619
COG1633,NP_946031
COG1633,NP_946898
COG1633,NP_947272
COG1633,NP_947273
COG1633,NP_947404
COG1633,NP_949639
COG1636,NP_947739
COG1638,NP_947127
COG1638,NP_947392
COG1638,NP_947885
COG1638,NP_948125
COG1638,NP_949890
COG1640,NP_948979
COG1643,NP_945888
COG1647,NP_949980
COG1648,NP_949551
COG1651,NP_946373
COG1651,NP_947784
COG1651,NP_949823
COG1653,NP_945414
COG1653,NP_945479
COG1653,NP_946745
COG1653,NP_948808
COG1653,NP_949740
COG1653,NP_950122
COG1657,NP_949077
COG1663,NP_946510
COG1669,NP_945629
COG1670,NP_945513
COG1670,NP_946194
COG1670,NP_948370
COG1670,NP_948961
COG1670,NP_949576
COG1671,NP_947536
COG1674,NP_945632
COG1677,NP_949223
COG1678,NP_946266
COG1680,NP_945813
COG1680,NP_946954
COG1680,NP_947223
COG1680,NP_947493
COG1680,NP_948152
COG1680,NP_948623
COG1684,NP_949221
COG1686,NP_948117
COG1686,NP_948489
COG1686,NP_949602
COG1692,NP_949789
COG1695,NP_946366
COG1696,NP_945619
COG1696,NP_947919
COG1696,NP_948460
COG1702,NP_945800
COG1703,NP_947174
COG1704,NP_946919
COG1706,NP_949246
COG1714,NP_948054
COG1715,NP_946651
COG1719,NP_947013
COG1720,NP_945505
COG1720,NP_948480
COG1721,NP_946535
COG1722,NP_946306
COG1729,NP_946475
COG1732,NP_947384
COG1733,NP_945679
COG1733,NP_948044
COG1733,NP_948561
COG1733,NP_948970
COG1734,NP_949244
COG1740,NP_946312
COG1740,NP_946313
COG1741,NP_945912
COG1741,NP_946263
COG1742,NP_949175
COG1743,NP_947565
COG1744,NP_949912
COG1749,NP_945998
COG1749,NP_949269
COG1749,NP_949269
COG1752,NP_947308
COG1752,NP_948444
COG1752,NP_948751
COG1752,NP_949425
COG1752,NP_949543
COG1754,NP_948463
COG1758,NP_948034
COG1762,NP_945408
COG1762,NP_948340
COG1764,NP_946182
COG1764,NP_949437
COG1764,NP_949530
COG1765,NP_947076
COG1765,NP_947963
COG1766,NP_946615
COG1770,NP_946916
COG1773,NP_946321
COG1775,NP_946010
COG1775,NP_946011
COG1785,NP_945744
COG1787,NP_947632
COG1788,NP_946380
COG1788,NP_947663
COG1788,NP_949492
COG1788,NP_949985
COG1791,NP_947697
COG1793,NP_946155
COG1793,NP_948988
COG1797,NP_947428
COG1801,NP_949122
COG1802,NP_946793
COG1802,NP_946815
COG1802,NP_947291
COG1802,NP_947688
COG1802,NP_947838
COG1802,NP_948783
COG1802,NP_948958
COG1802,NP_949505
COG1804,NP_945415
COG1804,NP_946836
COG1804,NP_946925
COG1804,NP_946957
COG1804,NP_947151
COG1804,NP_947290
COG1804,NP_948211
COG1804,NP_948801
COG1804,NP_948823
COG1804,NP_949891
COG1804,NP_950003
COG1806,NP_945651
COG1807,NP_945706
COG1807,NP_946386
COG1807,NP_947721
COG1807,NP_947897
COG1807,NP_948485
COG1807,NP_949120
COG1807,NP_949273
COG1813,NP_950121
COG1814,NP_948127
COG1814,NP_949639
COG1815,NP_949225
COG1825,NP_949692
COG1826,NP_948189
COG1826,NP_948190
COG1828,NP_949157
COG1832,NP_948107
COG1833,NP_946059
COG1835,NP_945617
COG1835,NP_946944
COG1835,NP_947499
COG1835,NP_948680
COG1835,NP_948688
COG1838,NP_949213
COG1840,NP_946739
COG1840,NP_946824
COG1840,NP_949488
COG1841,NP_948571
COG1843,NP_945997
COG1843,NP_946655
COG1845,NP_946189
COG1845,NP_946803
COG1846,NP_945869
COG1846,NP_945892
COG1846,NP_946008
COG1846,NP_946174
COG1846,NP_946181
COG1846,NP_946382
COG1846,NP_946947
COG1846,NP_947139
COG1846,NP_947215
COG1846,NP_947254
COG1846,NP_948058
COG1846,NP_948304
COG1846,NP_948603
COG1846,NP_948761
COG1846,NP_949094
COG1846,NP_949438
COG1846,NP_949705
COG1846,NP_950010
COG1850,NP_945615
COG1850,NP_946905
COG1850,NP_947514
COG1850,NP_949975
COG1853,NP_947613
COG1853,NP_947951
COG1853,NP_949501
COG1853,NP_949748
COG1862,NP_948175
COG1863,NP_948135
COG1866,NP_945713
COG1868,NP_949234
COG1872,NP_945767
COG1873,NP_948906
COG1877,NP_949995
COG1878,NP_948781
COG1881,NP_946062
COG1884,NP_947180
COG1884,NP_947182
COG1886,NP_946618
COG1886,NP_948507
COG1893,NP_945376
COG1893,NP_947288
COG1893,NP_949896
COG1894,NP_945488
COG1894,NP_946086
COG1894,NP_948286
COG1894,NP_949596
COG1896,NP_945748
COG1896,NP_946416
COG1897,NP_949924
COG1898,NP_945471
COG1902,NP_946661
COG1902,NP_949739
COG1902,NP_950027
COG1905,NP_946085
COG1905,NP_948288
COG1905,NP_949597
COG1910,NP_946901
COG1914,NP_946164
COG1914,NP_948048
COG1914,NP_948630
COG1917,NP_946359
COG1917,NP_946937
COG1917,NP_947339
COG1917,NP_947485
COG1917,NP_947515
COG1917,NP_947949
COG1917,NP_948027
COG1917,NP_948049
COG1917,NP_948596
COG1917,NP_949514
COG1917,NP_949998
COG1918,NP_949970
COG1922,NP_949917
COG1923,NP_947939
COG1924,NP_946012
COG1924,NP_946012
COG1924,NP_946013
COG1925,NP_945707
COG1932,NP_949645
COG1934,NP_945404
COG1937,NP_947007
COG1940,NP_945510
COG1942,NP_946528
COG1942,NP_948510
COG1942,NP_948510
COG1942,NP_949486
COG1942,NP_949486
COG1946,NP_945624
COG1947,NP_946390
COG1951,NP_949213
COG1952,NP_945655
COG1959,NP_946016
COG1960,NP_945833
COG1960,NP_945834
COG1960,NP_945942
COG1960,NP_946005
COG1960,NP_946093
COG1960,NP_946133
COG1960,NP_946169
COG1960,NP_946311
COG1960,NP_946346
COG1960,NP_946445
COG1960,NP_946587
COG1960,NP_946588
COG1960,NP_946958
COG1960,NP_946960
COG1960,NP_947045
COG1960,NP_947054
COG1960,NP_947055
COG1960,NP_947056
COG1960,NP_947107
COG1960,NP_947482
COG1960,NP_947483
COG1960,NP_947650
COG1960,NP_948454
COG1960,NP_948628
COG1960,NP_948787
COG1960,NP_949050
COG1960,NP_949051
COG1960,NP_949339
COG1960,NP_949887
COG1960,NP_949932
COG1960,NP_950132
COG1960,NP_950133
COG1961,NP_950206
COG1961,NP_947552
COG1961,NP_949875
COG1968,NP_945400
COG1969,NP_946315
COG1970,NP_948029
COG1972,NP_947513
COG1974,NP_948244
COG1975,NP_949135
COG1975,NP_949136
COG1977,NP_946520
COG1981,NP_945650
COG1982,NP_947396
COG1984,NP_946755
COG1984,NP_948024
COG1985,NP_948069
COG1987,NP_949222
COG1994,NP_948654
COG1995,NP_948404
COG1999,NP_950022
COG2002,NP_948945
COG2003,NP_945738
COG2005,NP_945500
COG2005,NP_946733
COG2005,NP_950052
COG2008,NP_946934
COG2008,NP_947710
COG2009,NP_945572
COG2010,NP_945372
COG2010,NP_945372
COG2010,NP_946134
COG2010,NP_946805
COG2010,NP_947348
COG2010,NP_947348
COG2010,NP_947348
COG2010,NP_947481
COG2010,NP_948527
COG2010,NP_949309
COG2010,NP_949309
COG2010,NP_949571
COG2010,NP_949805
COG2011,NP_946777
COG2011,NP_947706
COG2014,NP_946737
COG2015,NP_946361
COG2015,NP_949677
COG2020,NP_948178
COG2020,NP_949794
COG2021,NP_949773
COG2022,NP_948913
COG2025,NP_949938
COG2025,NP_950083
COG2030,NP_946764
COG2030,NP_947071
COG2030,NP_947530
COG2030,NP_947537
COG2030,NP_948531
COG2030,NP_948641
COG2030,NP_948642
COG2030,NP_948802
COG2030,NP_949687
COG2030,NP_949688
COG2030,NP_949892
COG2030,NP_949901
COG2032,NP_945578
COG2038,NP_946065
COG2038,NP_947439
COG2039,NP_947173
COG2041,NP_945577
COG2041,NP_947077
COG2041,NP_949800
COG2043,NP_948092
COG2049,NP_946755
COG2049,NP_948025
COG2050,NP_946939
COG2050,NP_947070
COG2050,NP_947125
COG2050,NP_948109
COG2050,NP_948167
COG2050,NP_948371
COG2050,NP_948791
COG2050,NP_949202
COG2050,NP_949855
COG2050,NP_949898
COG2050,NP_949898
COG2050,NP_950043
COG2055,NP_949093
COG2057,NP_946381
COG2057,NP_947662
COG2057,NP_949491
COG2057,NP_949986
COG2059,NP_945938
COG2059,NP_945938
COG2059,NP_948835
COG2059,NP_948836
COG2060,NP_948345
COG2062,NP_949276
COG2063,NP_949239
COG2064,NP_949021
COG2066,NP_949547
COG2068,NP_949134
COG2070,NP_946719
COG2070,NP_947286
COG2070,NP_948451
COG2070,NP_948994
COG2070,NP_950042
COG2071,NP_946812
COG2072,NP_946844
COG2072,NP_947614
COG2076,NP_946078
COG2076,NP_947118
COG2076,NP_947629
COG2079,NP_945915
COG2080,NP_946023
COG2080,NP_949140
COG2080,NP_950000
COG2081,NP_947532
COG2082,NP_947435
COG2084,NP_947318
COG2084,NP_947796
COG2084,NP_948785
COG2084,NP_950033
COG2086,NP_949939
COG2086,NP_950084
COG2087,NP_946067
COG2091,NP_948675
COG2094,NP_947928
COG2096,NP_950085
COG2099,NP_947432
COG2104,NP_948912
COG2105,NP_946636
COG2109,NP_946070
COG2110,NP_946953
COG2111,NP_948132
COG2111,NP_948132
COG2114,NP_946139
COG2114,NP_946553
COG2114,NP_946928
COG2114,NP_947141
COG2114,NP_947310
COG2114,NP_947636
COG2114,NP_949337
COG2116,NP_948540
COG2121,NP_945418
COG2124,NP_945774
COG2124,NP_946138
COG2124,NP_946360
COG2124,NP_946959
COG2124,NP_947078
COG2124,NP_947216
COG2124,NP_949115
COG2127,NP_946554
COG2127,NP_948487
COG2128,NP_946466
COG2128,NP_949988
COG2130,NP_945828
COG2130,NP_947546
COG2132,NP_948305
COG2132,NP_948305
COG2132,NP_948645
COG2132,NP_949481
COG2133,NP_946091
COG2133,NP_949669
COG2135,NP_946426
COG2141,NP_947302
COG2141,NP_947954
COG2141,NP_949038
COG2142,NP_945571
COG2143,NP_949807
COG2143,NP_949809
COG2148,NP_948093
COG2148,NP_948696
COG2151,NP_947810
COG2151,NP_949102
COG2154,NP_945757
COG2155,NP_947416
COG2156,NP_948343
COG2158,NP_946345
COG2159,NP_949534
COG2159,NP_950031
COG2166,NP_947201
COG2169,NP_945694
COG2171,NP_945979
COG2183,NP_945937
COG2184,NP_948878
COG2185,NP_947180
COG2186,NP_947381
COG2187,NP_949578
COG2188,NP_946049
COG2189,NP_946377
COG2192,NP_949313
COG2193,NP_948938
COG2195,NP_948295
COG2197,NP_945674
COG2197,NP_946205
COG2197,NP_946599
COG2197,NP_946837
COG2197,NP_947026
COG2197,NP_947644
COG2197,NP_948354
COG2197,NP_948358
COG2198,NP_945495
COG2198,NP_946904
COG2198,NP_946973
COG2198,NP_947022
COG2198,NP_947027
COG2198,NP_948720
COG2198,NP_949294
COG2198,NP_949753
COG2199,NP_945882
COG2199,NP_946120
COG2199,NP_946647
COG2199,NP_947135
COG2199,NP_948361
COG2199,NP_948415
COG2199,NP_949509
COG2199,NP_949899
COG2200,NP_945882
COG2200,NP_946531
COG2200,NP_947026
COG2200,NP_948523
COG2200,NP_949850
COG2201,NP_945490
COG2201,NP_946976
COG2201,NP_948655
COG2202,NP_946107
COG2202,NP_946120
COG2202,NP_946267
COG2202,NP_946332
COG2202,NP_946332
COG2202,NP_947229
COG2202,NP_947283
COG2202,NP_948526
COG2202,NP_948749
COG2202,NP_948954
COG2202,NP_949169
COG2202,NP_949345
COG2203,NP_946678
COG2203,NP_946789
COG2203,NP_947420
COG2203,NP_947452
COG2203,NP_948509
COG2203,NP_949345
COG2204,NP_946330
COG2204,NP_946619
COG2204,NP_946877
COG2204,NP_946884
COG2204,NP_947020
COG2204,NP_947935
COG2204,NP_947937
COG2204,NP_949523
COG2204,NP_949658
COG2205,NP_945435
COG2205,NP_945710
COG2205,NP_945925
COG2205,NP_946206
COG2205,NP_947027
COG2205,NP_947203
COG2205,NP_947283
COG2205,NP_947317
COG2205,NP_947712
COG2205,NP_948342
COG2205,NP_949476
COG2205,NP_949703
COG2205,NP_949753
COG2205,NP_950087
COG2205,NP_950124
COG2207,NP_945920
COG2207,NP_946359
COG2207,NP_946409
COG2207,NP_946670
COG2207,NP_946987
COG2207,NP_947041
COG2207,NP_947280
COG2207,NP_947455
COG2207,NP_947485
COG2207,NP_947646
COG2207,NP_947747
COG2207,NP_948049
COG2207,NP_948596
COG2207,NP_949176
COG2207,NP_949616
COG2207,NP_949998
COG2211,NP_946879
COG2212,NP_948136
COG2214,NP_948490
COG2215,NP_946227
COG2215,NP_947002
COG2216,NP_948344
COG2217,NP_945369
COG2217,NP_947006
COG2217,NP_947678
COG2217,NP_948599
COG2220,NP_945600
COG2223,NP_947289
COG2223,NP_949653
COG2224,NP_949730
COG2225,NP_949552
COG2226,NP_945439
COG2226,NP_945908
COG2226,NP_945948
COG2226,NP_945962
COG2226,NP_946079
COG2226,NP_946116
COG2226,NP_946658
COG2226,NP_946868
COG2226,NP_946961
COG2226,NP_947745
COG2226,NP_948598
COG2226,NP_948900
COG2226,NP_949261
COG2226,NP_949307
COG2226,NP_949772
COG2227,NP_945956
COG2227,NP_946892
COG2227,NP_949392
COG2230,NP_946277
COG2230,NP_947911
COG2230,NP_948421
COG2236,NP_947524
COG2239,NP_948502
COG2240,NP_948142
COG2241,NP_947431
COG2242,NP_947431
COG2242,NP_948131
COG2243,NP_947434
COG2243,NP_947442
COG2244,NP_948687
COG2244,NP_949541
COG2244,NP_949923
COG2246,NP_949121
COG2246,NP_949391
COG2249,NP_950080
COG2255,NP_946453
COG2256,NP_948559
COG2257,NP_948544
COG2259,NP_947447
COG2259,NP_948380
COG2259,NP_949409
COG2261,NP_945831
COG2261,NP_948955
COG2262,NP_947940
COG2263,NP_947594
COG2264,NP_948852
COG2265,NP_946301
COG2267,NP_945698
COG2267,NP_946028
COG2267,NP_946241
COG2267,NP_946347
COG2267,NP_946628
COG2267,NP_946858
COG2267,NP_946859
COG2267,NP_946914
COG2267,NP_946993
COG2267,NP_947450
COG2267,NP_947968
COG2267,NP_948077
COG2267,NP_948179
COG2267,NP_949068
COG2267,NP_949531
COG2269,NP_947856
COG2270,NP_945382
COG2271,NP_946494
COG2271,NP_948793
COG2271,NP_950142
COG2272,NP_947969
COG2272,NP_949230
COG2301,NP_945586
COG2301,NP_949893
COG2303,NP_947032
COG2303,NP_947961
COG2303,NP_948683
COG2303,NP_949067
COG2304,NP_945922
COG2304,NP_946555
COG2304,NP_948491
COG2307,NP_947521
COG2307,NP_949090
COG2308,NP_947522
COG2308,NP_949090
COG2320,NP_948183
COG2321,NP_946378
COG2326,NP_949903
COG2329,NP_947470
COG2329,NP_948113
COG2331,NP_950161
COG2332,NP_947265
COG2333,NP_947222
COG2334,NP_949606
COG2335,NP_945575
COG2337,NP_946294
COG2340,NP_948185
COG2340,NP_949544
COG2343,NP_946945
COG2346,NP_948062
COG2352,NP_947117
COG2353,NP_949620
COG2358,NP_945758
COG2358,NP_947226
COG2358,NP_948796
COG2358,NP_949844
COG2360,NP_947771
COG2361,NP_945630
COG2363,NP_945983
COG2367,NP_945715
COG2370,NP_946317
COG2372,NP_948270
COG2373,NP_947895
COG2375,NP_947746
COG2375,NP_949037
COG2377,NP_947803
COG2378,NP_947562
COG2378,NP_947610
COG2378,NP_949348
COG2379,NP_947142
COG2386,NP_945557
COG2388,NP_948166
COG2391,NP_949811
COG2391,NP_949813
COG2421,NP_946606
COG2421,NP_947758
COG2440,NP_946388
COG2440,NP_949936
COG2442,NP_946179
COG2442,NP_948163
COG2445,NP_949833
COG2453,NP_949625
COG2510,NP_945954
COG2513,NP_947738
COG2513,NP_948513
COG2513,NP_949162
COG2516,NP_947956
COG2518,NP_945729
COG2518,NP_947922
COG2518,NP_948181
COG2606,NP_949536
COG2606,NP_949634
COG2607,NP_948176
COG2608,NP_945369
COG2608,NP_948599
COG2703,NP_946988
COG2710,NP_946722
COG2710,NP_946723
COG2710,NP_946728
COG2710,NP_946730
COG2710,NP_946785
COG2710,NP_946787
COG2710,NP_946871
COG2710,NP_946872
COG2710,NP_946888
COG2710,NP_946889
COG2710,NP_947692
COG2710,NP_947693
COG2710,NP_947708
COG2710,NP_947709
COG2710,NP_947958
COG2710,NP_947959
COG2710,NP_947978
COG2710,NP_947979
COG2710,NP_949950
COG2710,NP_949951
COG2710,NP_949952
COG2710,NP_949953
COG2723,NP_947081
COG2730,NP_949918
COG2740,NP_945790
COG2755,NP_945548
COG2755,NP_950101
COG2755,NP_950102
COG2761,NP_949205
COG2764,NP_948602
COG2770,NP_945612
COG2770,NP_947167
COG2770,NP_947195
COG2770,NP_948524
COG2770,NP_948884
COG2770,NP_949997
COG2771,NP_947645
COG2801,NP_945752
COG2801,NP_946121
COG2801,NP_946123
COG2801,NP_948321
COG2801,NP_948322
COG2801,NP_948918
COG2801,NP_949173
COG2802,NP_945621
COG2807,NP_946985
COG2808,NP_947832
COG2812,NP_945968
COG2814,NP_945579
COG2814,NP_945867
COG2814,NP_946430
COG2814,NP_946841
COG2814,NP_947038
COG2814,NP_947225
COG2814,NP_947270
COG2814,NP_947801
COG2814,NP_948219
COG2814,NP_948433
COG2814,NP_948467
COG2814,NP_948601
COG2814,NP_948744
COG2814,NP_948854
COG2814,NP_949036
COG2814,NP_949996
COG2814,NP_950134
COG2814,NP_950135
COG2816,NP_945966
COG2818,NP_946418
COG2821,NP_945657
COG2823,NP_947018
COG2823,NP_949582
COG2824,NP_949835
COG2827,NP_948856
COG2827,NP_948963
COG2827,NP_949042
COG2827,NP_949148
COG2827,NP_949824
COG2828,NP_950030
COG2831,NP_946699
COG2834,NP_945633
COG2835,NP_945622
COG2840,NP_945658
COG2844,NP_945944
COG2845,NP_946250
COG2845,NP_946250
COG2847,NP_948272
COG2852,NP_945392
COG2852,NP_946246
COG2852,NP_946397
COG2852,NP_949170
COG2855,NP_947115
COG2856,NP_949466
COG2857,NP_946544
COG2860,NP_948334
COG2861,NP_945523
COG2862,NP_945584
COG2862,NP_948942
COG2863,NP_946092
COG2863,NP_946092
COG2863,NP_949797
COG2865,NP_949610
COG2867,NP_947930
COG2870,NP_949257
COG2870,NP_949321
COG2873,NP_946915
COG2873,NP_947694
COG2873,NP_947695
COG2873,NP_947707
COG2873,NP_948106
COG2873,NP_949587
COG2873,NP_949925
COG2875,NP_947429
COG2877,NP_948220
COG2884,NP_950070
COG2885,NP_945566
COG2885,NP_946474
COG2885,NP_947119
COG2885,NP_950012
COG2885,NP_950118
COG2887,NP_945431
COG2887,NP_947561
COG2890,NP_945960
COG2890,NP_946518
COG2890,NP_947690
COG2893,NP_945708
COG2895,NP_946106
COG2896,NP_947323
COG2897,NP_948951
COG2900,NP_949756
COG2907,NP_947913
COG2908,NP_949306
COG2913,NP_948080
COG2917,NP_945561
COG2917,NP_949210
COG2919,NP_948209
COG2927,NP_948398
COG2928,NP_948003
COG2929,NP_948447
COG2932,NP_946148
COG2935,NP_948053
COG2939,NP_945697
COG2940,NP_949208
COG2943,NP_948218
COG2944,NP_948501
COG2945,NP_947804
COG2947,NP_945606
COG2948,NP_947569
COG2948,NP_949451
COG2951,NP_946252
COG2951,NP_946654
COG2951,NP_947853
COG2951,NP_948941
COG2951,NP_949732
COG2960,NP_949693
COG2961,NP_946525
COG2963,NP_945752
COG2963,NP_946124
COG2963,NP_946660
COG2963,NP_948323
COG2963,NP_948917
COG2963,NP_949174
COG2966,NP_946680
COG2966,NP_947890
COG2967,NP_950104
COG2968,NP_945601
COG2972,NP_947021
COG2972,NP_948936
COG2972,NP_949087
COG2972,NP_949642
COG2972,NP_949785
COG2981,NP_945699
COG2982,NP_948840
COG2982,NP_948840
COG2982,NP_949493
COG2982,NP_950015
COG2983,NP_947213
COG2989,NP_949524
COG2993,NP_945374
COG3002,NP_948337
COG3012,NP_947508
COG3012,NP_948453
COG3023,NP_948877
COG3027,NP_946300
COG3033,NP_948902
COG3034,NP_945862
COG3038,NP_945860
COG3038,NP_947256
COG3038,NP_947651
COG3038,NP_947800
COG3039,NP_946644
COG3045,NP_948376
COG3047,NP_949836
COG3049,NP_947224
COG3070,NP_947817
COG3088,NP_947267
COG3090,NP_947128
COG3090,NP_947393
COG3090,NP_947884
COG3090,NP_948124
COG3090,NP_949889
COG3093,NP_946641
COG3093,NP_947627
COG3106,NP_946930
COG3108,NP_949525
COG3113,NP_945497
COG3115,NP_948194
COG3118,NP_945429
COG3118,NP_945620
COG3118,NP_945726
COG3119,NP_946715
COG3119,NP_947335
COG3127,NP_945550
COG3128,NP_948817
COG3131,NP_948217
COG3135,NP_948141
COG3143,NP_946495
COG3144,NP_946656
COG3145,NP_947068
COG3146,NP_948478
COG3148,NP_947918
COG3152,NP_945978
COG3153,NP_946222
COG3153,NP_947034
COG3153,NP_949724
COG3153,NP_949993
COG3154,NP_946285
COG3158,NP_947356
COG3158,NP_948349
COG3158,NP_948366
COG3164,NP_947799
COG3170,NP_945862
COG3170,NP_946475
COG3170,NP_949295
COG3173,NP_947104
COG3173,NP_948627
COG3174,NP_946400
COG3175,NP_946188
COG3176,NP_945669
COG3177,NP_948776
COG3178,NP_945434
COG3179,NP_947259
COG3180,NP_945895
COG3181,NP_946039
COG3181,NP_947664
COG3181,NP_948439
COG3181,NP_948832
COG3181,NP_949849
COG3181,NP_949914
COG3181,NP_950028
COG3182,NP_945450
COG3182,NP_945759
COG3182,NP_947193
COG3182,NP_947220
COG3182,NP_948752
COG3182,NP_949179
COG3182,NP_949765
COG3184,NP_947327
COG3185,NP_945361
COG3191,NP_949150
COG3193,NP_949806
COG3194,NP_945907
COG3197,NP_945368
COG3200,NP_947329
COG3206,NP_948095
COG3206,NP_948694
COG3206,NP_949919
COG3210,NP_946691
COG3210,NP_948886
COG3212,NP_949440
COG3213,NP_946834
COG3217,NP_949770
COG3218,NP_949572
COG3221,NP_946052
COG3221,NP_946735
COG3223,NP_949626
COG3230,NP_948618
COG3232,NP_948327
COG3232,NP_949096
COG3237,NP_949553
COG3237,NP_949754
COG3239,NP_946949
COG3239,NP_947075
COG3240,NP_949194
COG3242,NP_948827
COG3243,NP_947843
COG3243,NP_949579
COG3246,NP_947486
COG3247,NP_947859
COG3256,NP_946806
COG3257,NP_945906
COG3258,NP_947348
COG3258,NP_949799
COG3258,NP_949804
COG3263,NP_945741
COG3265,NP_948976
COG3266,NP_947624
COG3278,NP_945375
COG3280,NP_948985
COG3281,NP_948981
COG3284,NP_946558
COG3285,NP_948988
COG3288,NP_949518
COG3303,NP_946099
COG3304,NP_946127
COG3306,NP_948690
COG3307,NP_948698
COG3311,NP_947550
COG3313,NP_947316
COG3315,NP_946412
COG3318,NP_947508
COG3319,NP_948677
COG3321,NP_948678
COG3333,NP_947665
COG3333,NP_948833
COG3334,NP_949232
COG3338,NP_946147
COG3339,NP_945756
COG3346,NP_946191
COG3350,NP_947006
COG3350,NP_947006
COG3350,NP_947006
COG3376,NP_946077
COG3383,NP_945487
COG3383,NP_946087
COG3384,NP_946358
COG3384,NP_947009
COG3384,NP_949622
COG3384,NP_950036
COG3386,NP_948962
COG3387,NP_948978
COG3391,NP_947691
COG3391,NP_947691
COG3391,NP_949768
COG3394,NP_946498
COG3396,NP_946030
COG3396,NP_949103
COG3396,NP_949105
COG3409,NP_945441
COG3409,NP_945981
COG3409,NP_946252
COG3409,NP_947204
COG3409,NP_947853
COG3409,NP_948941
COG3409,NP_949732
COG3416,NP_946497
COG3420,NP_947407
COG3427,NP_949141
COG3437,NP_945498
COG3437,NP_950164
COG3448,NP_949577
COG3449,NP_946231
COG3450,NP_949934
COG3451,NP_947575
COG3451,NP_949457
COG3454,NP_946042
COG3454,NP_946055
COG3460,NP_949104
COG3467,NP_946743
COG3467,NP_946782
COG3474,NP_946883
COG3474,NP_949031
COG3476,NP_946881
COG3484,NP_947519
COG3485,NP_947494
COG3491,NP_947703
COG3492,NP_949527
COG3494,NP_948251
COG3496,NP_947912
COG3502,NP_946149
COG3504,NP_947570
COG3504,NP_949452
COG3505,NP_947580
COG3505,NP_949468
COG3508,NP_950006
COG3509,NP_945918
COG3514,NP_947991
COG3514,NP_948223
COG3514,NP_948448
COG3540,NP_949848
COG3542,NP_945964
COG3547,NP_946247
COG3547,NP_947282
COG3547,NP_948813
COG3548,NP_948105
COG3549,NP_946642
COG3549,NP_947628
COG3550,NP_947555
COG3552,NP_946095
COG3552,NP_949137
COG3553,NP_947722
COG3558,NP_946457
COG3568,NP_945716
COG3572,NP_946175
COG3576,NP_946040
COG3576,NP_947042
COG3576,NP_947066
COG3577,NP_945887
COG3577,NP_947315
COG3585,NP_945500
COG3585,NP_945500
COG3585,NP_950052
COG3585,NP_950052
COG3585,NP_950053
COG3588,NP_946293
COG3593,NP_947908
COG3598,NP_949880
COG3604,NP_946724
COG3604,NP_949966
COG3605,NP_945958
COG3610,NP_946680
COG3610,NP_947891
COG3613,NP_946304
COG3614,NP_949562
COG3618,NP_946431
COG3618,NP_950034
COG3622,NP_947098
COG3624,NP_946048
COG3625,NP_946047
COG3626,NP_946046
COG3627,NP_946045
COG3629,NP_950046
COG3631,NP_949684
COG3637,NP_945825
COG3637,NP_946158
COG3637,NP_946158
COG3637,NP_946210
COG3637,NP_946523
COG3637,NP_947887
COG3637,NP_947887
COG3637,NP_947887
COG3637,NP_948158
COG3637,NP_948177
COG3637,NP_948619
COG3637,NP_948710
COG3637,NP_949065
COG3637,NP_949651
COG3637,NP_949652
COG3637,NP_950148
COG3638,NP_946053
COG3638,NP_946736
COG3639,NP_946050
COG3639,NP_946051
COG3639,NP_946734
COG3652,NP_948333
COG3652,NP_948648
COG3655,NP_946280
COG3657,NP_949163
COG3658,NP_947660
COG3659,NP_945825
COG3659,NP_949065
COG3663,NP_949167
COG3665,NP_946756
COG3665,NP_946757
COG3670,NP_946559
COG3672,NP_948697
COG3672,NP_948760
COG3683,NP_946226
COG3685,NP_948647
COG3685,NP_949063
COG3685,NP_949280
COG3686,NP_945540
COG3693,NP_948681
COG3696,NP_946770
COG3696,NP_947153
COG3696,NP_947401
COG3696,NP_949815
COG3701,NP_947571
COG3701,NP_949453
COG3703,NP_950066
COG3705,NP_946501
COG3706,NP_945639
COG3706,NP_946239
COG3706,NP_946599
COG3706,NP_946973
COG3706,NP_946975
COG3706,NP_946988
COG3706,NP_947003
COG3706,NP_947022
COG3706,NP_947062
COG3706,NP_947163
COG3706,NP_947818
COG3706,NP_948006
COG3706,NP_948112
COG3706,NP_948325
COG3706,NP_948471
COG3706,NP_948954
COG3706,NP_949129
COG3706,NP_949169
COG3706,NP_949331
COG3706,NP_949448
COG3707,NP_947752
COG3707,NP_949044
COG3709,NP_946041
COG3712,NP_946685
COG3712,NP_946690
COG3712,NP_946698
COG3712,NP_947726
COG3712,NP_948620
COG3719,NP_949716
COG3721,NP_947471
COG3727,NP_945703
COG3737,NP_948172
COG3740,NP_947232
COG3741,NP_946259
COG3742,NP_949478
COG3743,NP_948263
COG3745,NP_949015
COG3745,NP_949417
COG3749,NP_949548
COG3750,NP_949526
COG3752,NP_946276
COG3752,NP_948537
COG3753,NP_945830
COG3759,NP_945934
COG3761,NP_947763
COG3762,NP_946921
COG3768,NP_946929
COG3770,NP_945742
COG3773,NP_946403
COG3777,NP_946956
COG3781,NP_948385
COG3785,NP_948011
COG3786,NP_945637
COG3791,NP_947181
COG3791,NP_947252
COG3791,NP_949216
COG3795,NP_946459
COG3795,NP_946463
COG3798,NP_948075
COG3800,NP_949731
COG3804,NP_945875
COG3806,NP_945902
COG3807,NP_945776
COG3808,NP_948074
COG3814,NP_948837
COG3816,NP_946537
COG3820,NP_949608
COG3824,NP_945589
COG3825,NP_948953
COG3827,NP_947924
COG3829,NP_946107
COG3829,NP_946664
COG3829,NP_946789
COG3829,NP_947021
COG3829,NP_947456
COG3829,NP_948526
COG3829,NP_949503
COG3829,NP_949539
COG3832,NP_946632
COG3832,NP_947633
COG3836,NP_949092
COG3836,NP_949386
COG3838,NP_947577
COG3838,NP_949459
COG3839,NP_949744
COG3842,NP_945411
COG3842,NP_945482
COG3842,NP_945484
COG3842,NP_946748
COG3842,NP_946749
COG3842,NP_946827
COG3842,NP_948809
COG3842,NP_949496
COG3842,NP_949745
COG3842,NP_949984
COG3845,NP_949909
COG3846,NP_947572
COG3846,NP_949454
COG3847,NP_946258
COG3847,NP_947227
COG3847,NP_949013
COG3850,NP_947310
COG3850,NP_948909
COG3852,NP_945936
COG3852,NP_945988
COG3852,NP_947112
COG3852,NP_947934
COG3860,NP_947831
COG3861,NP_950092
COG3864,NP_946560
COG3865,NP_949752
COG3871,NP_945568
COG3883,NP_948662
COG3893,NP_945431
COG3897,NP_945605
COG3898,NP_945611
COG3899,NP_946678
COG3899,NP_947452
COG3899,NP_949337
COG3901,NP_947405
COG3904,NP_947478
COG3904,NP_948732
COG3908,NP_946511
COG3909,NP_947659
COG3909,NP_949310
COG3914,NP_949253
COG3916,NP_945673
COG3916,NP_946473
COG3917,NP_945378
COG3917,NP_946201
COG3917,NP_946362
COG3917,NP_947528
COG3920,NP_945363
COG3920,NP_946107
COG3920,NP_946646
COG3920,NP_946671
COG3920,NP_947420
COG3920,NP_947421
COG3920,NP_947774
COG3920,NP_948130
COG3920,NP_948445
COG3920,NP_948655
COG3920,NP_949345
COG3920,NP_949562
COG3920,NP_949847
COG3921,NP_948883
COG3931,NP_946635
COG3943,NP_948299
COG3945,NP_947005
COG3951,NP_949247
COG3952,NP_947900
COG3954,NP_949978
COG3956,NP_948154
COG3957,NP_947019
COG3961,NP_948455
COG3963,NP_945688
COG3965,NP_947782
COG3971,NP_949095
COG4093,NP_950065
COG4094,NP_946833
COG4094,NP_948438
COG4097,NP_946375
COG4097,NP_948128
COG4102,NP_948934
COG4103,NP_945773
COG4104,NP_948225
COG4105,NP_948858
COG4106,NP_948943
COG4107,NP_946044
COG4108,NP_947630
COG4111,NP_946414
COG4113,NP_945599
COG4113,NP_947178
COG4113,NP_948788
COG4117,NP_945576
COG4118,NP_947179
COG4122,NP_948597
COG4122,NP_948743
COG4123,NP_946393
COG4129,NP_945916
COG4133,NP_945556
COG4148,NP_950049
COG4149,NP_950050
COG4166,NP_948008
COG4166,NP_949029
COG4166,NP_949030
COG4172,NP_946565
COG4172,NP_947675
COG4172,NP_947985
COG4172,NP_949026
COG4174,NP_949028
COG4177,NP_946019
COG4177,NP_946338
COG4177,NP_946582
COG4177,NP_946603
COG4177,NP_946769
COG4177,NP_946912
COG4177,NP_947084
COG4177,NP_947095
COG4177,NP_947137
COG4177,NP_947623
COG4177,NP_947755
COG4177,NP_948634
COG4177,NP_949005
COG4177,NP_949059
COG4177,NP_949144
COG4177,NP_949357
COG4177,NP_949363
COG4177,NP_949372
COG4177,NP_949380
COG4177,NP_949737
COG4178,NP_946486
COG4181,NP_945549
COG4188,NP_946830
COG4188,NP_948676
COG4191,NP_945639
COG4191,NP_945847
COG4191,NP_946331
COG4191,NP_946332
COG4191,NP_946664
COG4191,NP_946678
COG4191,NP_947452
COG4191,NP_947480
COG4191,NP_947637
COG4191,NP_948526
COG4191,NP_948555
COG4191,NP_949219
COG4191,NP_949271
COG4191,NP_949583
COG4191,NP_949858
COG4191,NP_950123
COG4192,NP_946209
COG4192,NP_946647
COG4196,NP_949091
COG4206,NP_945506
COG4206,NP_947725
COG4206,NP_949721
COG4206,NP_950091
COG4206,NP_950137
COG4208,NP_946101
COG4221,NP_946932
COG4221,NP_947082
COG4221,NP_947517
COG4221,NP_948091
COG4221,NP_948889
COG4222,NP_949640
COG4223,NP_945610
COG4227,NP_947597
COG4230,NP_946926
COG4231,NP_946575
COG4231,NP_948534
COG4231,NP_949946
COG4233,NP_946265
COG4235,NP_947264
COG4239,NP_949027
COG4246,NP_945848
COG4249,NP_946146
COG4249,NP_947822
COG4249,NP_948264
COG4249,NP_949203
COG4249,NP_950011
COG4251,NP_945475
COG4251,NP_945670
COG4251,NP_946341
COG4251,NP_946838
COG4251,NP_947776
COG4251,NP_948355
COG4251,NP_948356
COG4252,NP_947636
COG4256,NP_947466
COG4257,NP_949768
COG4258,NP_949070
COG4262,NP_947773
COG4263,NP_947406
COG4264,NP_947734
COG4264,NP_947735
COG4277,NP_947145
COG4291,NP_945876
COG4297,NP_946626
COG4301,NP_946950
COG4302,NP_949084
COG4303,NP_949086
COG4309,NP_946835
COG4309,NP_947403
COG4313,NP_947336
COG4314,NP_947410
COG4318,NP_947369
COG4321,NP_948839
COG4335,NP_949613
COG4336,NP_947092
COG4391,NP_948771
COG4395,NP_945656
COG4395,NP_949218
COG4423,NP_949477
COG4451,NP_946906
COG4453,NP_948921
COG4456,NP_947338
COG4487,NP_949885
COG4520,NP_946548
COG4520,NP_947262
COG4530,NP_945416
COG4544,NP_947146
COG4547,NP_945849
COG4548,NP_946808
COG4549,NP_948271
COG4553,NP_945928
COG4558,NP_947465
COG4559,NP_947463
COG4564,NP_949642
COG4564,NP_949643
COG4564,NP_949785
COG4566,NP_946665
COG4566,NP_946666
COG4566,NP_947028
COG4566,NP_947453
COG4566,NP_947454
COG4566,NP_949584
COG4566,NP_949585
COG4567,NP_945924
COG4571,NP_950148
COG4572,NP_945728
COG4579,NP_945700
COG4581,NP_945844
COG4585,NP_948358
COG4591,NP_946995
COG4591,NP_948268
COG4597,NP_947903
COG4597,NP_947971
COG4603,NP_949910
COG4604,NP_947727
COG4605,NP_947728
COG4606,NP_947729
COG4607,NP_947730
COG4608,NP_945454
COG4608,NP_946111
COG4608,NP_946795
COG4608,NP_946818
COG4624,NP_945487
COG4625,NP_947031
COG4625,NP_947281
COG4625,NP_947507
COG4625,NP_948187
COG4625,NP_948886
COG4625,NP_949194
COG4625,NP_949347
COG4625,NP_949827
COG4634,NP_946180
COG4634,NP_948162
COG4637,NP_949862
COG4638,NP_946334
COG4638,NP_948957
COG4643,NP_947593
COG4645,NP_946456
COG4645,NP_947878
COG4645,NP_950103
COG4649,NP_948436
COG4651,NP_949180
COG4653,NP_947233
COG4663,NP_947320
COG4664,NP_947321
COG4664,NP_947321
COG4665,NP_947322
COG4666,NP_948797
COG4666,NP_949843
COG4674,NP_946604
COG4674,NP_947756
COG4674,NP_949004
COG4680,NP_948470
COG4691,NP_945437
COG4695,NP_947230
COG4716,NP_949446
COG4729,NP_949842
COG4731,NP_947036
COG4731,NP_949168
COG4731,NP_949284
COG4736,NP_945373
COG4744,NP_947744
COG4763,NP_945889
COG4765,NP_947768
COG4770,NP_947489
COG4770,NP_947881
COG4770,NP_948514
COG4771,NP_947168
COG4771,NP_947469
COG4771,NP_947652
COG4771,NP_948619
COG4771,NP_949723
COG4772,NP_946118
COG4772,NP_947161
COG4772,NP_947741
COG4773,NP_947221
COG4773,NP_949766
COG4774,NP_945760
COG4774,NP_946410
COG4774,NP_947190
COG4774,NP_947371
COG4774,NP_947723
COG4774,NP_948088
COG4774,NP_948753
COG4774,NP_948818
COG4774,NP_949177
COG4775,NP_948255
COG4778,NP_946043
COG4783,NP_947787
COG4784,NP_945840
COG4786,NP_946998
COG4786,NP_949236
COG4786,NP_949237
COG4786,NP_949268
COG4799,NP_946800
COG4799,NP_947488
COG4799,NP_947880
COG4799,NP_948542
COG4799,NP_948794
COG4803,NP_949426
COG4852,NP_948517
COG4941,NP_946460
COG4942,NP_945521
COG4942,NP_950073
COG4944,NP_947159
COG4948,NP_949301
COG4949,NP_946852
COG4953,NP_947896
COG4954,NP_949130
COG4957,NP_947197
COG4960,NP_949014
COG4961,NP_945829
COG4961,NP_946081
COG4961,NP_946082
COG4961,NP_946083
COG4961,NP_948488
COG4961,NP_949011
COG4961,NP_949012
COG4961,NP_949617
COG4962,NP_947578
COG4962,NP_949019
COG4962,NP_949449
COG4962,NP_949460
COG4963,NP_949018
COG4964,NP_949016
COG4965,NP_949020
COG4974,NP_945535
COG4974,NP_945859
COG4976,NP_946157
COG4977,NP_946231
COG4977,NP_946429
COG4977,NP_946676
COG4977,NP_947333
COG4977,NP_947765
COG4977,NP_947820
COG4978,NP_945602
COG4992,NP_950107
COG4992,NP_949069
COG4993,NP_948527
COG4995,NP_948550
COG5000,NP_946904
COG5000,NP_947712
COG5000,NP_947936
COG5000,NP_949270
COG5000,NP_949638
COG5001,NP_945723
COG5001,NP_945743
COG5001,NP_945874
COG5001,NP_946130
COG5001,NP_946136
COG5001,NP_946267
COG5001,NP_946472
COG5001,NP_947497
COG5001,NP_948298
COG5001,NP_948509
COG5001,NP_948558
COG5001,NP_948749
COG5001,NP_949503
COG5002,NP_945363
COG5002,NP_945847
COG5002,NP_946904
COG5002,NP_948509
COG5002,NP_949270
COG5002,NP_950115
COG5009,NP_947794
COG5010,NP_949022
COG5012,NP_946886
COG5108,NP_947869
COG5265,NP_947350
COG5266,NP_947191
COG5267,NP_948935
COG5268,NP_947576
COG5268,NP_949458
COG5274,NP_946376
COG5278,NP_947637
COG5278,NP_947776
COG5285,NP_945794
COG5309,NP_947997
COG5309,NP_947999
COG5310,NP_946218
COG5314,NP_947574
COG5314,NP_949456
COG5317,NP_946270
COG5319,NP_945953
COG5321,NP_945923
COG5323,NP_947237
COG5328,NP_949864
COG5330,NP_945793
COG5330,NP_947162
COG5330,NP_947206
COG5330,NP_948721
COG5336,NP_946200
COG5338,NP_946233
COG5342,NP_946183
COG5342,NP_948009
COG5343,NP_946982
COG5349,NP_946190
COG5349,NP_948465
COG5350,NP_946415
COG5352,NP_950108
COG5360,NP_945385
COG5361,NP_945818
COG5373,NP_946413
COG5375,NP_945403
COG5379,NP_946080
COG5385,NP_946972
COG5387,NP_948546
COG5388,NP_948757
COG5389,NP_949822
COG5394,NP_945883
COG5398,NP_946885
COG5400,NP_946969
COG5402,NP_947211
COG5405,NP_945661
COG5419,NP_947586
COG5420,NP_949947
COG5424,NP_947293
COG5425,NP_947511
COG5426,NP_946533
COG5429,NP_945554
COG5434,NP_947171
COG5436,NP_947210
COG5437,NP_947244
COG5442,NP_949250
COG5443,NP_947643
COG5443,NP_949251
COG5447,NP_947205
COG5448,NP_947248
COG5449,NP_947250
COG5451,NP_946423
COG5452,NP_948081
COG5454,NP_948274
COG5456,NP_945370
COG5458,NP_948495
COG5459,NP_949826
COG5461,NP_949017
COG5462,NP_948875
COG5465,NP_949700
COG5467,NP_949159
COG5468,NP_945641
COG5469,NP_946066
COG5470,NP_945691
COG5470,NP_945935
COG5473,NP_946631
COG5473,NP_948169
COG5475,NP_946540
COG5476,NP_946564
COG5477,NP_949741
COG5480,NP_945981
COG5480,NP_945981
COG5480,NP_949528
COG5487,NP_948843
COG5488,NP_945695
COG5489,NP_947589
COG5490,NP_945445
COG5490,NP_949473
COG5490,NP_949474
COG5496,NP_946527
COG5499,NP_948469
COG5501,NP_946717
COG5501,NP_949803
COG5508,NP_945387
COG5509,NP_946269
COG5528,NP_945917
COG5534,NP_950202
COG5534,NP_947585
COG5552,NP_948932
COG5554,NP_949957
COG5568,NP_945409
COG5570,NP_949507
COG5573,NP_948822
COG5606,NP_949161
COG5606,NP_949165
COG5607,NP_946573
COG5610,NP_945991
COG5612,NP_949782
COG5614,NP_947242
COG5616,NP_950046
COG5621,NP_950145
COG5622,NP_947378
COG5635,NP_947074
COG5639,NP_947568
COG5640,NP_947240
COG5642,NP_948505
COG5653,NP_948096
COG5653,NP_948151
COG5653,NP_949204
COG5654,NP_948506
